1,Ford,Aquamarine,1970,Torino
2,Ford,Green,1985,Escort
3,AstonMartin,Yellow,2009,DBS
4,Buick,Purple,2004,Rendezvous
5,Saturn,Maroon,2009,Outlook
6,Volvo,Blue,2003,XC70
7,Mercury,Mauv,2007,Mountaineer
8,Hummer,Purple,1997,H1
9,Porsche,Turquoise,2009,Boxster
10,Jaguar,Turquoise,2003,XK Series
11,Jaguar,Turquoise,2003,S-Type
12,Nissan,Maroon,2010,Armada
13,Mercury,Crimson,1987,Topaz
14,Isuzu,Orange,2003,Rodeo Sport
15,Subaru,Violet,1993,Justy
16,Mercedes-Benz,Teal,2002,CLK-Class
17,Toyota,Pink,2006,Corolla
18,Hyundai,Purple,1993,Sonata
19,BMW,Violet,1995,5 Series
20,Mitsubishi,Violet,1989,Mirage
21,Buick,Indigo,1992,Roadmaster
22,Ferrari,Puce,2012,458 Italia
23,Ford,Blue,1991,E-Series
24,Aptera,Khaki,2010,Type-1h
25,Suzuki,Crimson,1997,X-90
26,Chevrolet,Blue,2011,Silverado 3500
27,Acura,Pink,1999,NSX
28,Mazda,Fuscia,2003,MPV
29,Honda,Green,2011,Odyssey
30,Ford,Aquamarine,2005,Freestyle
31,Mitsubishi,Mauv,1993,Mirage
32,Nissan,Turquoise,2010,Maxima
33,Toyota,Yellow,2006,Tundra
34,Nissan,Aquamarine,2008,Xterra
35,Ford,Purple,2008,Expedition
36,GMC,Crimson,2008,Sierra 2500
37,Dodge,Khaki,2010,Dakota
38,Hyundai,Violet,2001,XG300
39,Chevrolet,Orange,2008,Cobalt
40,Toyota,Aquamarine,2010,Camry Hybrid
41,Dodge,Aquamarine,1993,Ram Wagon B350
42,Buick,Pink,2004,Rendezvous
43,Ford,Mauv,2007,Freestar
44,Hyundai,Purple,2012,Azera
45,Chevrolet,Crimson,2008,Cobalt SS
46,Cadillac,Turquoise,1995,Seville
47,Honda,Teal,1995,Passport
48,Mercedes-Benz,Maroon,1994,S-Class
49,Cadillac,Red,2007,STS
50,Ford,Yellow,2004,E350
51,Audi,Red,2008,TT
52,Toyota,Violet,2008,Solara
53,GMC,Aquamarine,2006,Savana 1500
54,Volvo,Red,2009,XC90
55,Pontiac,Red,1992,LeMans
56,Jeep,Orange,2001,Wrangler
57,Chevrolet,Pink,2002,Tahoe
58,Lotus,Mauv,2011,Exige
59,Infiniti,Orange,2007,QX56
60,GMC,Blue,2002,Sierra 1500
61,GMC,Violet,1996,Rally Wagon G3500
62,Toyota,Puce,2004,Highlander
63,Volvo,Red,2012,S60
64,GMC,Purple,1994,3500
65,Infiniti,Red,2006,QX
66,Bentley,Green,2009,Continental GTC
67,GMC,Indigo,2012,Sierra 3500
68,GMC,Indigo,2000,Yukon
69,Oldsmobile,Maroon,2000,Intrigue
70,Buick,Violet,2011,Enclave
71,Honda,Turquoise,2006,S2000
72,Toyota,Puce,2003,Tacoma Xtra
73,Honda,Maroon,2003,S2000
74,Dodge,Crimson,2008,Viper
75,Volvo,Puce,1998,S90
76,Toyota,Goldenrod,2009,Camry
77,Dodge,Green,1999,Ram 1500 Club
78,Pontiac,Aquamarine,1989,Firefly
79,Ford,Mauv,1985,E-Series
80,Morgan,Green,2006,Aero 8
81,Bentley,Turquoise,2011,Continental GTC
82,Toyota,Blue,2012,Venza
83,Dodge,Yellow,1992,Dakota Club
84,Toyota,Crimson,2009,Venza
85,Acura,Pink,2006,TL
86,Acura,Green,2012,ZDX
87,Chrysler,Puce,2007,Crossfire
88,Kia,Purple,1994,Sephia
89,Infiniti,Aquamarine,2008,G37
90,Honda,Purple,2012,Ridgeline
91,Pontiac,Green,2001,Sunfire
92,Pontiac,Puce,2007,Vibe
93,Dodge,Red,2002,Dakota Club
94,Suzuki,Teal,2003,XL-7
95,Aston Martin,Purple,2008,DB9
96,GMC,Crimson,1999,EV1
97,Hyundai,Mauv,2010,Accent
98,Toyota,Orange,2001,Sequoia
99,Pontiac,Violet,1992,Firebird
100,Lexus,Purple,2012,LS Hybrid
