id,producto,direccion,localidad,recibe
1,sillon,04613 Superior Road,Sarandi,Sheba
2,televisor,4 Hintze Court,Bandfield,Breanne
3,plancha,44943 6th Lane,Bandfield,Griswold
4,televisor,76622 Ohio Road,Lomas,Ole
5,secarropas,53862 Northport Lane,Avellaneda,Randee
6,mesa,24120 Artisan Lane,Quilmes,Lauritz
7,pava,0348 Butternut Junction,Avellaneda,Chandal
8,pava,81473 Lukken Street,Avellaneda,Tobye
9,mesa,6614 Porter Circle,Sarandi,Anallese
10,aire acondicionado,0151 Ryan Plaza,Bandfield,Jeffry
11,plancha,056 Loomis Lane,Avellaneda,Davida
12,lavarropas,10 Ridge Oak Park,Bandfield,Natividad
13,televisor,9 Sundown Junction,Sarandi,Hubert
14,televisor,8061 Pepper Wood Alley,Sarandi,Pattin
15,cocina,25945 Clove Center,Lomas,Kelvin
16,sillon,073 Tennessee Lane,Bandfield,Tomlin
17,televisor,652 Sugar Street,Quilmes,Ferdie
18,televisor,3160 Redwing Parkway,Lomas,Elyssa
19,silla,36 Meadow Ridge Parkway,Quilmes,Gus
20,aire acondicionado,52 Meadow Valley Way,Bandfield,Constantina
21,lavarropas,6 Michigan Court,Sarandi,Olive
22,televisor,4 Golf Course Alley,Quilmes,Merilyn
23,televisor,7 Jay Park,Lanus,Lolita
24,plancha,94349 Havey Drive,Avellaneda,Terrye
25,aire acondicionado,0 Rockefeller Circle,Lanus,Elmore
26,mesa,37 Gulseth Crossing,Lomas,Jared
27,cocina,828 Talisman Park,Bandfield,Bram
28,televisor,8274 Hayes Alley,Lomas,Arlette
29,pava,25 Reinke Road,Bandfield,Tucky
30,silla,4 Golf Course Park,Lanus,Lovell
31,mesa,178 Lien Place,Quilmes,Dwain
32,mesa,95 Tennessee Point,Quilmes,Pauli
33,pava,7 Glendale Alley,Lomas,Ellis
34,mesa,1 Ronald Regan Street,Avellaneda,Carlie
35,aire acondicionado,8 Ilene Junction,Bandfield,Percival
36,secarropas,10866 Division Trail,Lanus,Teddie
37,sillon,135 Bobwhite Street,Lomas,Kore
38,silla,334 Crowley Center,Sarandi,Garik
39,televisor,8 Larry Plaza,Avellaneda,Inesita
40,plancha,6 Hoepker Street,Lanus,Emlynne
41,plancha,3682 Mayfield Point,Sarandi,Wanda
42,televisor,62447 Kipling Parkway,Lomas,Sinclare
43,aire acondicionado,8180 Scoville Street,Quilmes,Laird
44,aire acondicionado,4288 Petterle Terrace,Bandfield,Dawn
45,silla,0130 Mccormick Park,Avellaneda,Stefanie
46,lavarropas,29 Crownhardt Trail,Quilmes,Ferdinande
47,aire acondicionado,22659 Northridge Place,Lanus,Jeth
48,cocina,49466 Garrison Court,Lomas,Averil
49,secarropas,5514 Dayton Way,Quilmes,Catherina
50,plancha,3421 Judy Lane,Quilmes,Rubetta
51,mesa,5453 Mockingbird Trail,Avellaneda,Dolli
52,aire acondicionado,02037 Heffernan Street,Quilmes,Corney
53,cocina,293 Susan Hill,Sarandi,Granger
54,lavarropas,65 Continental Avenue,Lanus,Harlan
55,sillon,21 Eastlawn Street,Quilmes,Leta
56,cocina,42 Surrey Plaza,Bandfield,Barris
57,televisor,1 Spohn Way,Sarandi,Edyth
58,mesa,665 Atwood Trail,Bandfield,Aubert
59,sillon,185 Stephen Place,Lomas,Solomon
60,cocina,1953 Pankratz Road,Quilmes,Minny
61,pava,524 Clemons Plaza,Lomas,Rayshell
62,pava,94 Moulton Way,Quilmes,Boycey
63,silla,62 Towne Way,Sarandi,Rey
64,lavarropas,10903 Packers Plaza,Quilmes,Linnell
65,televisor,085 Oxford Alley,Lomas,Jesus
66,cocina,1 Quincy Junction,Quilmes,Drona
67,sillon,2 Sullivan Parkway,Bandfield,Rodrigo
68,silla,4114 Mallard Crossing,Lomas,Kessiah
69,mesa,511 Loomis Center,Quilmes,Odo
70,mesa,7 Corscot Alley,Avellaneda,Sibeal
71,pava,430 Hintze Drive,Bandfield,Marquita
72,secarropas,43427 3rd Hill,Lomas,Rosemaria
73,plancha,9208 Basil Point,Bandfield,Ortensia
74,secarropas,927 Red Cloud Terrace,Sarandi,Nealy
75,cocina,538 Clyde Gallagher Avenue,Quilmes,Taryn
76,plancha,01380 Summit Avenue,Lanus,Obediah
77,televisor,3375 Bartelt Pass,Avellaneda,Murray
78,aire acondicionado,65489 Muir Terrace,Lomas,Cleveland
79,sillon,0 Hanover Park,Quilmes,Clementine
80,cocina,5 Rieder Street,Sarandi,Roana
81,secarropas,365 Del Sol Alley,Bandfield,Torrence
82,televisor,55 Shelley Point,Lanus,Samuel
83,silla,13 Oneill Park,Lomas,Ivar
84,mesa,16 Dovetail Center,Sarandi,Lina
85,secarropas,4748 Washington Center,Lomas,Chalmers
86,lavarropas,4 Talisman Plaza,Avellaneda,Clint
87,aire acondicionado,21008 Summit Circle,Avellaneda,Fiann
88,lavarropas,35396 Dunning Street,Lomas,Chris
89,plancha,34 Russell Terrace,Bandfield,Sheffie
90,silla,6261 La Follette Junction,Lanus,Thor
91,televisor,03 Michigan Point,Avellaneda,Ellette
92,sillon,7 Rusk Park,Lanus,Frasco
93,secarropas,90431 Drewry Terrace,Lomas,Cristobal
94,lavarropas,468 Merrick Alley,Lanus,Zack
95,silla,65 Lakewood Gardens Trail,Sarandi,Alphard
96,cocina,56 Declaration Road,Lomas,Rochette
97,lavarropas,2 Shelley Avenue,Quilmes,Tomaso
98,plancha,14303 Kings Place,Lomas,Lacee
99,lavarropas,23774 Redwing Street,Avellaneda,Michelina
100,silla,9039 Kenwood Pass,Sarandi,Vi
101,lavarropas,35 Schmedeman Court,Sarandi,Querida
102,pava,33011 Acker Drive,Lomas,Luis
103,silla,67709 Dwight Plaza,Quilmes,Nigel
104,secarropas,2 Green Ridge Street,Lanus,Karol
105,televisor,9 Petterle Pass,Lomas,Gizela
106,televisor,253 Sundown Court,Quilmes,Flora
107,cocina,9940 Village Green Trail,Lomas,Goldie
108,mesa,6 Maywood Avenue,Sarandi,Witty
109,televisor,39 Del Sol Trail,Bandfield,Riley
110,silla,75 Vernon Circle,Avellaneda,Freddie
111,pava,16565 Nobel Terrace,Avellaneda,Ansley
112,televisor,5990 Old Gate Trail,Quilmes,Yancey
113,pava,739 Talisman Drive,Avellaneda,Ethel
114,secarropas,7 Hazelcrest Way,Sarandi,Wainwright
115,televisor,7 Oriole Park,Avellaneda,Lavina
116,cocina,0 Park Meadow Crossing,Bandfield,Thane
117,lavarropas,68881 Farragut Street,Lomas,Gil
118,silla,3 Dexter Junction,Avellaneda,Hilario
119,cocina,542 Warrior Alley,Lanus,Brianna
120,sillon,01780 Sullivan Park,Lomas,Curran
121,sillon,60750 Mandrake Crossing,Lomas,Earvin
122,cocina,74 Mccormick Parkway,Bandfield,Andrew
123,mesa,4946 Trailsway Plaza,Sarandi,Jodi
124,aire acondicionado,7 Everett Court,Avellaneda,Balduin
125,lavarropas,114 Autumn Leaf Pass,Bandfield,Devin
126,silla,01515 Riverside Point,Quilmes,Skippie
127,plancha,5 Cardinal Crossing,Sarandi,Collen
128,aire acondicionado,686 Southridge Road,Avellaneda,Bear
129,sillon,7663 Butternut Trail,Lomas,Allison
130,silla,17 Doe Crossing Alley,Bandfield,Myrna
131,televisor,976 Pepper Wood Plaza,Bandfield,Lesley
132,pava,95 Dahle Road,Lanus,Jorey
133,lavarropas,76 Spohn Circle,Sarandi,Brita
134,aire acondicionado,612 Moland Court,Lanus,Janean
135,plancha,641 Reindahl Plaza,Quilmes,Marcel
136,lavarropas,2 Mandrake Terrace,Lanus,Donnamarie
137,secarropas,2318 American Park,Bandfield,Fergus
138,cocina,7 John Wall Road,Bandfield,Doralynn
139,plancha,68 Bunker Hill Street,Sarandi,Casandra
140,silla,59601 Paget Center,Sarandi,Rosa
141,mesa,2 Summer Ridge Place,Quilmes,Ingeborg
142,plancha,9 Sheridan Circle,Avellaneda,Robb
143,silla,81718 Lunder Drive,Sarandi,Ives
144,sillon,4 Buena Vista Crossing,Lomas,Josselyn
145,silla,42697 Hauk Way,Lanus,Durand
146,mesa,0375 Sullivan Park,Quilmes,Merci
147,sillon,1293 Rusk Alley,Quilmes,Ilaire
148,pava,7311 Clove Alley,Sarandi,Huntley
149,plancha,0 Waubesa Plaza,Lomas,Ranice
150,sillon,4 Rockefeller Plaza,Lomas,Jillayne
151,plancha,4566 Pennsylvania Way,Bandfield,Alfy
152,mesa,60565 Corry Point,Quilmes,Karla
153,aire acondicionado,638 Gulseth Alley,Lomas,Iago
154,secarropas,19 Twin Pines Street,Lomas,Vikki
155,lavarropas,30417 Barby Hill,Lanus,Raye
156,mesa,4925 Esch Place,Quilmes,Pet
157,plancha,68 Golf Course Lane,Bandfield,Lindsay
158,cocina,7253 Alpine Road,Bandfield,Reggie
159,aire acondicionado,9247 Superior Court,Lomas,Laurette
160,lavarropas,98331 Village Green Circle,Avellaneda,Emelia
161,secarropas,9289 Ridgeview Drive,Quilmes,Danya
162,mesa,4939 Northland Lane,Bandfield,Gordie
163,lavarropas,7587 Anthes Crossing,Lomas,Karil
164,lavarropas,35 Hanson Circle,Lomas,Noah
165,mesa,43607 Packers Road,Lomas,Cyndi
166,plancha,29 Clarendon Plaza,Quilmes,Merwin
167,secarropas,95 Hanover Court,Quilmes,Bond
168,secarropas,9 Blaine Parkway,Sarandi,Antons
169,televisor,2811 Meadow Vale Lane,Lomas,Vick
170,aire acondicionado,58 Ryan Lane,Quilmes,Olivier
171,cocina,3 Express Terrace,Quilmes,Stanwood
172,sillon,16 Service Junction,Quilmes,Ara
173,sillon,701 Dottie Court,Avellaneda,Magnum
174,televisor,96182 Harbort Way,Sarandi,Loretta
175,aire acondicionado,1000 Farwell Parkway,Bandfield,Olwen
176,sillon,14371 Mallory Road,Quilmes,Berta
177,cocina,64 Debra Crossing,Lanus,Star
178,secarropas,60 Hoepker Terrace,Quilmes,Elliott
179,silla,114 Mandrake Hill,Bandfield,Reese
180,cocina,72976 Chinook Way,Sarandi,Cherin
181,silla,54832 Hollow Ridge Trail,Avellaneda,Brig
182,cocina,6280 Veith Trail,Quilmes,Birch
183,televisor,78598 Cambridge Junction,Avellaneda,Gracia
184,plancha,740 Roxbury Park,Bandfield,Tiffi
185,pava,1686 Arrowood Point,Sarandi,Lynn
186,sillon,7 Marcy Center,Lomas,Enrichetta
187,silla,7 Red Cloud Street,Lanus,Hedy
188,aire acondicionado,8 Lindbergh Parkway,Lanus,Erhart
189,plancha,12 Northview Drive,Quilmes,Sibley
190,sillon,17466 Lakewood Circle,Avellaneda,Kare
191,cocina,5136 Cottonwood Way,Lanus,Jase
192,cocina,7800 Cottonwood Circle,Lanus,Tyrus
193,silla,90067 Ramsey Hill,Lomas,Batsheva
194,cocina,86263 Jana Center,Sarandi,Winfield
195,silla,1 Forest Dale Parkway,Lomas,Paulie
196,aire acondicionado,8027 Anzinger Hill,Quilmes,Ailene
197,sillon,914 Arapahoe Plaza,Avellaneda,Haven
198,aire acondicionado,0 Beilfuss Lane,Bandfield,Beilul
199,pava,823 Carioca Lane,Sarandi,Alexandro
200,sillon,9 Fisk Drive,Sarandi,Amery
201,mesa,28 Burrows Street,Bandfield,Zia
202,pava,73 Oakridge Parkway,Lomas,Dedie
203,sillon,8 Tony Crossing,Avellaneda,Lazar
204,pava,674 Kennedy Circle,Lomas,Baird
205,mesa,487 Gerald Crossing,Sarandi,Felicity
206,plancha,40 Veith Junction,Avellaneda,Crichton
207,aire acondicionado,3650 Lakewood Lane,Quilmes,Daisey
208,mesa,23265 Sunbrook Road,Quilmes,Linnet
209,plancha,451 Randy Circle,Lomas,Gardy
210,aire acondicionado,2 Kipling Crossing,Lanus,Ky
211,sillon,936 Charing Cross Park,Lanus,Scot
212,televisor,5514 Hanson Court,Lanus,Ruperta
213,mesa,743 Granby Road,Bandfield,Cad
214,mesa,50 Banding Point,Avellaneda,Sara
215,plancha,2697 Forest Run Alley,Avellaneda,Romeo
216,televisor,89 Mallard Hill,Quilmes,Gabrielle
217,lavarropas,3 Randy Plaza,Lomas,Hadley
218,cocina,1 Transport Drive,Avellaneda,Nicolai
219,plancha,6422 Cody Court,Lanus,Opaline
220,secarropas,651 Sauthoff Park,Sarandi,Justina
221,aire acondicionado,88 Valley Edge Road,Lomas,Gypsy
222,pava,0 Darwin Plaza,Sarandi,Rube
223,secarropas,1 Warner Place,Quilmes,Ame
224,pava,9651 Golf Trail,Lomas,Adolph
225,aire acondicionado,286 5th Circle,Avellaneda,Clim
226,aire acondicionado,75 Bellgrove Terrace,Avellaneda,Claudine
227,televisor,27715 Main Circle,Avellaneda,Taber
228,secarropas,44680 Emmet Plaza,Avellaneda,Redd
229,secarropas,078 Corscot Circle,Quilmes,Claus
230,plancha,91 Talmadge Street,Sarandi,Desirae
231,pava,4 5th Circle,Quilmes,Meara
232,lavarropas,02 Maywood Lane,Lanus,Sly
233,cocina,926 Bashford Junction,Bandfield,Sigismund
234,aire acondicionado,11428 Mesta Center,Lomas,Ransom
235,secarropas,662 Luster Point,Quilmes,Maury
236,mesa,5 Meadow Ridge Trail,Lomas,Cristal
237,aire acondicionado,0759 Warrior Place,Lomas,Nathanael
238,pava,86707 Pennsylvania Avenue,Lomas,Joscelin
239,mesa,6548 Bartelt Road,Avellaneda,Rodrick
240,cocina,5 Fulton Crossing,Avellaneda,Jaquith
241,pava,3 Haas Road,Lomas,Corty
242,pava,3489 Kinsman Alley,Avellaneda,Cathrine
243,mesa,8689 Grim Circle,Lanus,Willa
244,televisor,25 Melrose Street,Lanus,Eamon
245,mesa,98 Moulton Trail,Avellaneda,Tremaine
246,televisor,38587 American Point,Lomas,Trev
247,sillon,44404 Raven Hill,Lomas,Rouvin
248,secarropas,525 Blackbird Center,Bandfield,Zacherie
249,silla,39912 Birchwood Crossing,Quilmes,Flynn
250,aire acondicionado,7 Dennis Court,Quilmes,Elsa
251,secarropas,164 Crescent Oaks Way,Bandfield,Bronnie
252,secarropas,7330 Fairview Terrace,Avellaneda,Maura
253,televisor,963 Village Plaza,Bandfield,Marcel
254,sillon,89193 Victoria Drive,Bandfield,Rosita
255,cocina,04635 Sycamore Hill,Bandfield,Jaime
256,sillon,395 Darwin Pass,Quilmes,Nicol
257,televisor,36 Northfield Crossing,Avellaneda,Arne
258,secarropas,6383 Old Shore Lane,Sarandi,Lauree
259,mesa,334 Darwin Parkway,Sarandi,Drucill
260,aire acondicionado,2 Moose Drive,Sarandi,Morissa
261,aire acondicionado,16587 Kensington Drive,Bandfield,Gavrielle
262,silla,502 Forest Dale Hill,Quilmes,Nari
263,aire acondicionado,7252 Thackeray Trail,Sarandi,Marja
264,pava,8845 Almo Avenue,Quilmes,Rudyard
265,secarropas,720 Rowland Court,Lomas,Ric
266,sillon,331 Doe Crossing Park,Lomas,Di
267,aire acondicionado,953 School Place,Lanus,Shanda
268,secarropas,6 Ruskin Road,Bandfield,Willy
269,plancha,56261 Arkansas Plaza,Sarandi,Findley
270,pava,0 Hayes Parkway,Sarandi,Lelia
271,sillon,58 Montana Way,Sarandi,Conant
272,mesa,14248 Grayhawk Way,Bandfield,Tallie
273,silla,2928 Marquette Street,Sarandi,Merline
274,cocina,20956 Shasta Circle,Sarandi,Darci
275,plancha,6360 Westport Hill,Lomas,Corny
276,plancha,229 Oak Valley Circle,Lomas,Alla
277,aire acondicionado,139 International Place,Lomas,Esmaria
278,lavarropas,47613 Hooker Drive,Avellaneda,Emlyn
279,televisor,11039 Burrows Park,Avellaneda,Chere
280,sillon,5 Jana Court,Bandfield,Fairleigh
281,aire acondicionado,9 Redwing Park,Lanus,Lisle
282,secarropas,5 Reindahl Place,Lomas,Babb
283,silla,60 Transport Point,Lanus,Wandis
284,lavarropas,30 Bartillon Junction,Bandfield,Timothee
285,mesa,3910 Commercial Trail,Lomas,Trefor
286,plancha,2719 Spenser Place,Sarandi,Franklin
287,mesa,6532 Monica Center,Lomas,Gennifer
288,lavarropas,2881 Cordelia Terrace,Sarandi,Radcliffe
289,sillon,3 Lindbergh Plaza,Lanus,Tremayne
290,pava,09942 Washington Court,Quilmes,Yardley
291,plancha,087 Maryland Lane,Sarandi,Zorana
292,pava,7 Hoepker Point,Sarandi,Muffin
293,secarropas,446 Algoma Court,Bandfield,Alleyn
294,aire acondicionado,3360 Kensington Point,Avellaneda,Meredith
295,secarropas,771 Fisk Way,Lomas,Elliot
296,plancha,25 Moland Alley,Lomas,Mady
297,silla,7997 Monterey Street,Lomas,Carolin
298,sillon,9 Boyd Court,Quilmes,Zelma
299,pava,0 South Lane,Avellaneda,Toby
300,lavarropas,4 Randy Court,Quilmes,Gwenora
301,aire acondicionado,04 Myrtle Point,Lanus,Seana
302,lavarropas,462 Dayton Junction,Avellaneda,Burch
303,silla,9 Melody Drive,Sarandi,Sheryl
304,televisor,06347 Aberg Trail,Bandfield,Billye
305,cocina,5491 Grover Way,Lanus,Ilyssa
306,lavarropas,38 Independence Center,Bandfield,Drucill
307,silla,95731 Tennessee Avenue,Avellaneda,Austin
308,secarropas,0186 Ridgeview Road,Bandfield,Cirstoforo
309,plancha,839 Alpine Junction,Lomas,Dorelle
310,silla,8 Doe Crossing Plaza,Lomas,Waiter
311,sillon,23383 Dunning Court,Sarandi,Lesya
312,sillon,08808 Farragut Crossing,Quilmes,Cherey
313,plancha,9 Summit Avenue,Bandfield,Ailsun
314,sillon,671 Truax Pass,Bandfield,Benedetto
315,silla,7 Mesta Way,Quilmes,Gilberte
316,mesa,5 Mandrake Court,Bandfield,Albert
317,televisor,75679 Starling Avenue,Bandfield,Jim
318,televisor,8 Arizona Road,Lanus,Jourdain
319,silla,75 International Avenue,Sarandi,Jessie
320,sillon,85753 Orin Way,Lomas,Giulietta
321,silla,11596 Continental Pass,Avellaneda,Adamo
322,pava,6 Birchwood Lane,Lomas,Kittie
323,sillon,9999 Buell Place,Sarandi,Dill
324,silla,3 Buhler Court,Quilmes,Olivette
325,secarropas,655 La Follette Place,Lomas,Muffin
326,televisor,5 Moulton Way,Lanus,Frieda
327,sillon,3007 International Road,Lanus,Mireielle
328,lavarropas,4 Ridge Oak Place,Lanus,Mae
329,cocina,835 Victoria Place,Sarandi,Eldon
330,mesa,1 Manley Park,Avellaneda,Esmeralda
331,silla,9 Fairview Lane,Lanus,Gaylord
332,silla,3865 Knutson Terrace,Lanus,Issy
333,cocina,04 Towne Park,Sarandi,Tildi
334,sillon,24 Nelson Center,Bandfield,Clement
335,sillon,87502 Kings Trail,Bandfield,Maighdiln
336,mesa,9988 Westport Crossing,Sarandi,Annie
337,cocina,50 Hagan Place,Lomas,Sancho
338,plancha,3057 Arapahoe Place,Sarandi,Charmine
339,lavarropas,9093 Scofield Avenue,Quilmes,Spencer
340,mesa,49903 Redwing Drive,Lanus,Gussi
341,lavarropas,74 Menomonie Junction,Sarandi,Padgett
342,silla,8 Park Meadow Crossing,Bandfield,Winna
343,sillon,66144 Roxbury Place,Bandfield,Quintina
344,plancha,676 Lindbergh Drive,Bandfield,Clem
345,cocina,9 Sheridan Hill,Bandfield,Vivianne
346,pava,18779 Moose Avenue,Avellaneda,Shayna
347,sillon,566 Oak Park,Avellaneda,Emmalynne
348,plancha,6 Gulseth Parkway,Lanus,Elsey
349,plancha,0243 Upham Park,Sarandi,Cletus
350,pava,91 Novick Circle,Bandfield,Eleonora
351,pava,58 Jenifer Park,Lomas,Adeline
352,pava,08 Riverside Lane,Bandfield,Peg
353,lavarropas,1 John Wall Way,Lomas,Brigitte
354,secarropas,12198 Lawn Plaza,Lanus,Holden
355,mesa,40 Artisan Court,Bandfield,Cookie
356,televisor,32285 Carey Avenue,Lanus,Steffen
357,mesa,428 Memorial Way,Bandfield,Barri
358,mesa,904 Prairieview Point,Bandfield,Elspeth
359,lavarropas,71 Heffernan Way,Sarandi,Loy
360,cocina,4 Golf View Trail,Sarandi,Currie
361,pava,59653 Fisk Court,Quilmes,Berry
362,pava,20 Shoshone Avenue,Sarandi,Jean
363,aire acondicionado,41619 Maple Lane,Bandfield,Georges
364,pava,942 David Alley,Avellaneda,Merola
365,secarropas,99 Ilene Pass,Lanus,Brook
366,sillon,77425 Prairieview Center,Lanus,Milissent
367,lavarropas,64832 Pennsylvania Avenue,Bandfield,Nathanil
368,pava,2 Delaware Road,Lomas,Zach
369,cocina,6900 Tony Parkway,Sarandi,Anselm
370,lavarropas,7 Lighthouse Bay Road,Bandfield,Jo ann
371,lavarropas,685 Macpherson Road,Bandfield,Ardella
372,silla,13319 Lakewood Gardens Alley,Bandfield,Coleen
373,mesa,8449 Milwaukee Pass,Avellaneda,Eddie
374,mesa,9 Esker Trail,Sarandi,Guthry
375,pava,353 Pond Crossing,Lomas,Mandy
376,sillon,112 Melrose Crossing,Bandfield,Leighton
377,lavarropas,5 Clyde Gallagher Center,Lanus,Carol-jean
378,plancha,55 John Wall Drive,Avellaneda,Kimble
379,plancha,031 Jana Drive,Sarandi,Malorie
380,secarropas,722 Maple Plaza,Quilmes,Lorry
381,pava,0540 Valley Edge Lane,Quilmes,Griffin
382,televisor,33502 Susan Plaza,Lanus,Jo ann
383,secarropas,1 Blackbird Court,Sarandi,Lisbeth
384,lavarropas,66912 Golf View Terrace,Quilmes,Brynna
385,plancha,8 Killdeer Park,Sarandi,Nobe
386,secarropas,72603 Stone Corner Terrace,Lanus,Linda
387,lavarropas,1291 Corben Trail,Lanus,Kit
388,lavarropas,22 Porter Plaza,Quilmes,Rayshell
389,pava,495 Lerdahl Point,Sarandi,Marice
390,pava,25894 Garrison Hill,Lanus,Hunt
391,pava,922 Continental Alley,Sarandi,Aymer
392,aire acondicionado,3 Southridge Center,Bandfield,Heidie
393,lavarropas,39 Fair Oaks Street,Avellaneda,Judas
394,sillon,40 Tomscot Crossing,Quilmes,Angelle
395,silla,30444 Armistice Alley,Avellaneda,Coop
396,silla,678 Truax Park,Bandfield,Darrin
397,sillon,21092 Ronald Regan Lane,Avellaneda,Stephanus
398,plancha,138 Charing Cross Street,Sarandi,Robinet
399,televisor,981 Thackeray Hill,Lomas,Zeke
400,lavarropas,9 Shelley Park,Lomas,Yule
401,aire acondicionado,50 Division Place,Lomas,Noemi
402,aire acondicionado,44 Lillian Hill,Lomas,Arabella
403,pava,7629 Washington Street,Lanus,Willi
404,mesa,575 Lighthouse Bay Court,Avellaneda,Mead
405,cocina,27 Towne Parkway,Avellaneda,Gerda
406,pava,41 Prairie Rose Hill,Avellaneda,Katinka
407,sillon,88 Utah Avenue,Sarandi,Hedvig
408,plancha,3 Esker Place,Bandfield,Mercie
409,cocina,84 Crescent Oaks Street,Sarandi,Ilyse
410,mesa,76 Doe Crossing Hill,Quilmes,Arden
411,lavarropas,5323 2nd Center,Avellaneda,Jessi
412,aire acondicionado,440 Clemons Circle,Lomas,Ginnifer
413,mesa,79 Gale Place,Sarandi,Kiel
414,plancha,11466 Merchant Drive,Lanus,Brit
415,secarropas,57990 Charing Cross Place,Lanus,Morly
416,aire acondicionado,6 Glacier Hill Hill,Sarandi,Odilia
417,mesa,561 Morningstar Crossing,Lomas,Sargent
418,mesa,90 Bluejay Trail,Bandfield,Sully
419,televisor,8092 Roth Way,Bandfield,Benny
420,pava,78 Tennyson Point,Sarandi,Denny
421,mesa,2124 Forster Trail,Avellaneda,Gunther
422,cocina,0 Mendota Junction,Avellaneda,Camila
423,aire acondicionado,94879 Hazelcrest Street,Bandfield,Bathsheba
424,plancha,28765 Delladonna Court,Avellaneda,Alex
425,secarropas,4 Main Crossing,Quilmes,D'arcy
426,mesa,7 Sutherland Pass,Lomas,Audy
427,silla,547 Jay Circle,Lanus,Hew
428,secarropas,449 David Lane,Avellaneda,Kitti
429,pava,5962 Crescent Oaks Way,Lanus,Garek
430,lavarropas,9 Novick Road,Lanus,Stepha
431,sillon,537 Loeprich Terrace,Lanus,Dena
432,aire acondicionado,30681 Susan Way,Sarandi,Leonanie
433,pava,3 Arrowood Circle,Quilmes,Aline
434,mesa,099 Nobel Trail,Bandfield,Jule
435,secarropas,16 Straubel Road,Bandfield,Gan
436,silla,5780 Fulton Court,Quilmes,Rafferty
437,televisor,24 Steensland Avenue,Avellaneda,Carlynne
438,televisor,4741 Kropf Center,Sarandi,Dallas
439,pava,67843 Springview Plaza,Sarandi,Casey
440,cocina,25 Hanover Junction,Sarandi,Monique
441,lavarropas,159 Jackson Court,Bandfield,Stanford
442,pava,9712 Northridge Place,Sarandi,Anna-diana
443,lavarropas,66 1st Way,Bandfield,Michal
444,lavarropas,2 Maryland Trail,Lomas,Tanner
445,pava,25938 Ronald Regan Trail,Lanus,Pyotr
446,pava,3772 Clarendon Trail,Lomas,Ralina
447,secarropas,11277 School Lane,Sarandi,Seward
448,plancha,42 Dunning Parkway,Quilmes,Fenelia
449,sillon,5 Birchwood Road,Avellaneda,Blondell
450,aire acondicionado,4643 Norway Maple Hill,Lanus,Marty
451,televisor,48369 Carey Hill,Sarandi,Sheeree
452,silla,89 Becker Trail,Lomas,Rosy
453,secarropas,036 Melvin Street,Avellaneda,Sheff
454,mesa,9110 Crest Line Circle,Lanus,Bernardo
455,plancha,996 Linden Circle,Avellaneda,Wanda
456,secarropas,02189 Thierer Way,Quilmes,Zack
457,aire acondicionado,74 Swallow Street,Lanus,Marylin
458,mesa,9025 Warrior Pass,Bandfield,Nowell
459,mesa,5237 Del Sol Junction,Lomas,Wolf
460,televisor,829 Jana Road,Quilmes,Marlo
461,aire acondicionado,473 Mosinee Drive,Lomas,Yardley
462,sillon,510 Riverside Trail,Lomas,Mervin
463,cocina,596 Fuller Trail,Quilmes,Caddric
464,pava,69 Troy Crossing,Avellaneda,Prent
465,secarropas,4279 Vera Way,Avellaneda,Natalya
466,mesa,8184 Kim Trail,Lanus,Gusty
467,lavarropas,67 Grayhawk Point,Sarandi,Joli
468,silla,24196 Coolidge Junction,Quilmes,Pansie
469,cocina,3958 Tennyson Plaza,Sarandi,Gene
470,lavarropas,69 Comanche Circle,Avellaneda,Elysia
471,secarropas,67388 Cherokee Court,Lanus,Harley
472,televisor,3635 Johnson Pass,Bandfield,Stu
473,sillon,88 6th Terrace,Bandfield,Emmie
474,sillon,07743 Del Mar Point,Bandfield,Ariella
475,sillon,7 Lindbergh Way,Avellaneda,Cash
476,plancha,661 Cardinal Parkway,Sarandi,Damara
477,cocina,3 Esker Alley,Bandfield,Georgianne
478,televisor,733 Melvin Court,Lanus,Royal
479,silla,231 Hayes Parkway,Avellaneda,Bendite
480,cocina,44 6th Place,Quilmes,Ethelind
481,cocina,5 Jana Avenue,Sarandi,Niki
482,aire acondicionado,48887 Lien Center,Sarandi,Feliza
483,secarropas,5402 Nobel Alley,Sarandi,Ludwig
484,plancha,356 Northwestern Drive,Bandfield,Jehu
485,secarropas,923 Truax Court,Avellaneda,Petra
486,silla,8 Northland Pass,Lanus,Boone
487,silla,87456 Veith Alley,Lanus,Ashley
488,secarropas,43 Maywood Pass,Bandfield,Dannye
489,secarropas,66299 Glendale Trail,Quilmes,Pamella
490,plancha,6 Kenwood Park,Avellaneda,Viviene
491,sillon,3 Gateway Lane,Lomas,Mathe
492,silla,3197 Algoma Way,Avellaneda,Hinze
493,pava,3233 Knutson Drive,Avellaneda,Sinclare
494,sillon,51956 Mendota Junction,Sarandi,Adriena
495,cocina,6954 Merry Place,Lomas,Thebault
496,cocina,47366 Emmet Circle,Lomas,Dennet
497,secarropas,0352 High Crossing Crossing,Lomas,Chryste
498,lavarropas,1025 Debra Plaza,Lomas,Rory
499,aire acondicionado,01443 Dayton Trail,Lomas,Man
500,aire acondicionado,1171 Lakewood Gardens Way,Lomas,Stephine
501,silla,4917 Cody Way,Quilmes,Arther
502,silla,22717 Rigney Way,Quilmes,Ophelia
503,pava,59 Arkansas Park,Sarandi,Katalin
504,aire acondicionado,53 Autumn Leaf Terrace,Quilmes,Faydra
505,cocina,45161 Caliangt Lane,Lomas,Elnar
506,televisor,98098 Heffernan Point,Avellaneda,Marybeth
507,pava,35 Gale Place,Quilmes,Beltran
508,silla,03 Holmberg Point,Quilmes,Micky
509,aire acondicionado,29823 Merchant Crossing,Avellaneda,Pebrook
510,sillon,24 Anzinger Parkway,Avellaneda,Tonie
511,lavarropas,19531 Coolidge Way,Avellaneda,Patti
512,sillon,86056 Hoepker Hill,Bandfield,Marven
513,televisor,727 Fordem Center,Avellaneda,Dorree
514,televisor,77 Ohio Alley,Avellaneda,Maryl
515,lavarropas,95940 Clove Crossing,Bandfield,Raynell
516,secarropas,3 Hallows Trail,Lanus,Nickolas
517,aire acondicionado,8 Jenna Trail,Lomas,Lanita
518,cocina,6679 Memorial Terrace,Sarandi,Galven
519,aire acondicionado,617 Donald Hill,Lanus,Alika
520,cocina,724 Schurz Place,Avellaneda,Madelena
521,aire acondicionado,5954 Fairfield Hill,Sarandi,Chickie
522,lavarropas,5242 Nova Parkway,Sarandi,Bartolemo
523,cocina,3348 Helena Crossing,Bandfield,Zedekiah
524,silla,2042 Helena Pass,Quilmes,Holden
525,cocina,914 David Avenue,Lanus,Waiter
526,aire acondicionado,26150 Cordelia Terrace,Bandfield,Rosaleen
527,sillon,192 American Ash Court,Lanus,Knox
528,plancha,7000 Anderson Plaza,Sarandi,Alyosha
529,lavarropas,34 Luster Parkway,Sarandi,Elden
530,pava,88 Anniversary Park,Lomas,Flossie
531,mesa,6944 Eliot Terrace,Lanus,Jacquelin
532,cocina,649 Bellgrove Court,Avellaneda,Valery
533,secarropas,0 Melby Road,Bandfield,Matt
534,televisor,449 Fremont Court,Quilmes,Fayth
535,secarropas,63 Manufacturers Crossing,Avellaneda,Boyd
536,secarropas,317 Scoville Center,Bandfield,Brynna
537,pava,9627 Bluestem Place,Lomas,Amandy
538,silla,38710 Morrow Road,Avellaneda,Wilbur
539,aire acondicionado,56000 American Plaza,Bandfield,Christy
540,lavarropas,371 Kenwood Circle,Quilmes,Ysabel
541,sillon,13 Stang Drive,Lomas,Juliann
542,mesa,281 Novick Court,Bandfield,Ravid
543,mesa,349 Schiller Alley,Lomas,Derick
544,cocina,8 Alpine Park,Quilmes,Alleen
545,cocina,387 Warrior Terrace,Quilmes,Sophia
546,pava,55174 Twin Pines Parkway,Quilmes,Tedman
547,cocina,7 Petterle Circle,Lomas,Eloisa
548,secarropas,9 Walton Avenue,Lanus,Sharona
549,mesa,57009 Miller Pass,Lanus,Vernor
550,televisor,4 Sachs Junction,Avellaneda,Bryan
551,sillon,1 Russell Junction,Bandfield,Gawain
552,televisor,4 4th Way,Avellaneda,Sawyere
553,pava,2495 Veith Road,Sarandi,Shanda
554,secarropas,33 Loeprich Park,Sarandi,Sabra
555,pava,9100 Boyd Parkway,Lanus,Ximenez
556,sillon,2 Swallow Parkway,Bandfield,Ingrid
557,cocina,05 Fair Oaks Pass,Quilmes,Adel
558,lavarropas,5602 Fisk Parkway,Quilmes,Hilly
559,plancha,699 Pearson Pass,Lanus,Dierdre
560,lavarropas,69 Jana Road,Quilmes,Lyssa
561,aire acondicionado,1 Bayside Trail,Avellaneda,Anabella
562,aire acondicionado,9 Saint Paul Plaza,Lomas,Ravi
563,silla,1 Harper Park,Avellaneda,Catherin
564,cocina,628 Nevada Way,Quilmes,Troy
565,televisor,624 Katie Lane,Quilmes,Stormie
566,pava,87 Hansons Circle,Sarandi,Fredia
567,silla,17 Aberg Park,Lomas,Fannie
568,sillon,46 Vernon Pass,Sarandi,Patrizius
569,sillon,88 Lakeland Lane,Bandfield,Kat
570,plancha,59 Ryan Center,Lanus,Fidelity
571,televisor,633 Monterey Parkway,Lanus,Dolores
572,televisor,6672 Veith Point,Quilmes,Joice
573,sillon,28472 Roxbury Place,Avellaneda,Jill
574,secarropas,53209 Canary Street,Avellaneda,Hayward
575,secarropas,2 Stang Road,Sarandi,Eliza
576,pava,6 Dexter Circle,Quilmes,Trenna
577,secarropas,6 Dayton Street,Bandfield,Sofia
578,sillon,8 Bluejay Drive,Quilmes,Chicky
579,secarropas,83140 Holy Cross Plaza,Avellaneda,Angelle
580,cocina,6 Anniversary Junction,Sarandi,Kristine
581,pava,97739 Lotheville Alley,Quilmes,Lindsy
582,cocina,625 Burning Wood Avenue,Sarandi,Franchot
583,plancha,72019 Hovde Park,Lomas,Simmonds
584,aire acondicionado,4 Clove Drive,Lomas,Jayme
585,lavarropas,7063 Transport Lane,Lanus,Der
586,pava,3 Menomonie Road,Avellaneda,Albertine
587,silla,197 Clyde Gallagher Place,Lanus,Meg
588,cocina,0043 Clyde Gallagher Point,Avellaneda,Rossy
589,cocina,61 Thierer Road,Lanus,Ami
590,televisor,07 Corry Point,Lomas,Sarina
591,silla,8744 Anderson Terrace,Bandfield,Janet
592,plancha,9518 Eagan Junction,Avellaneda,Wash
593,plancha,7 Springview Park,Bandfield,Paolina
594,televisor,35754 Westend Terrace,Lomas,Ainslie
595,silla,0 Northland Plaza,Bandfield,Candi
596,secarropas,904 Lien Crossing,Sarandi,Marven
597,pava,1 Reindahl Alley,Quilmes,Irena
598,aire acondicionado,546 Cherokee Circle,Avellaneda,Edwin
599,plancha,3315 5th Park,Sarandi,Krystyna
600,lavarropas,5287 Barnett Point,Lomas,Umberto
601,sillon,57804 Monument Lane,Lanus,Maxi
602,cocina,22 Gateway Road,Avellaneda,Marci
603,televisor,5810 Porter Park,Sarandi,Fernando
604,pava,55269 Meadow Valley Drive,Quilmes,Pollyanna
605,mesa,41031 Twin Pines Avenue,Quilmes,Gun
606,plancha,16 Namekagon Park,Lanus,Irv
607,lavarropas,3 Southridge Court,Bandfield,Julius
608,lavarropas,02 Scofield Point,Bandfield,Tito
609,televisor,75054 Brentwood Hill,Avellaneda,Nedi
610,silla,4 Dennis Junction,Avellaneda,Lamar
611,mesa,619 Cottonwood Parkway,Sarandi,Hillary
612,cocina,281 Macpherson Lane,Lomas,Dion
613,secarropas,6 Gina Court,Avellaneda,Seymour
614,aire acondicionado,5 Sundown Circle,Lanus,Marrilee
615,televisor,09078 Meadow Ridge Parkway,Sarandi,Kimmy
616,televisor,5 Lien Trail,Bandfield,Christian
617,sillon,85 Logan Alley,Bandfield,Rebeka
618,aire acondicionado,22 Blaine Terrace,Bandfield,Pris
619,lavarropas,57 Charing Cross Lane,Lanus,Anestassia
620,silla,7 Kim Way,Quilmes,Englebert
621,plancha,3227 Fulton Street,Sarandi,Wheeler
622,secarropas,2 Rigney Court,Lomas,Bay
623,lavarropas,690 Northview Alley,Sarandi,Tabitha
624,pava,022 Hanover Way,Lanus,Frasier
625,secarropas,686 Cody Trail,Lomas,Tasha
626,cocina,41830 Corscot Crossing,Lomas,Kerianne
627,televisor,7979 Forster Road,Bandfield,Garvy
628,pava,4 Hollow Ridge Park,Lanus,Anabal
629,secarropas,0 Ludington Court,Bandfield,Sherie
630,secarropas,085 Esch Junction,Sarandi,Shandee
631,lavarropas,55883 New Castle Trail,Avellaneda,Filberte
632,silla,53 Moland Alley,Lanus,Roderich
633,silla,49 Porter Terrace,Avellaneda,Townie
634,silla,1 Shoshone Lane,Lanus,Corinne
635,lavarropas,15019 Helena Way,Lomas,Starr
636,mesa,318 Mendota Trail,Lomas,Giulio
637,televisor,53279 Ridgeway Street,Sarandi,Jessa
638,mesa,6964 Banding Junction,Sarandi,Zachary
639,pava,8750 Fordem Hill,Lanus,Rufe
640,silla,6509 Schmedeman Plaza,Sarandi,Katrinka
641,secarropas,02 Grasskamp Point,Lanus,Sophronia
642,plancha,78 Orin Drive,Quilmes,Betsey
643,sillon,916 Eggendart Pass,Lanus,Leola
644,mesa,6 Bonner Center,Lanus,Germana
645,silla,6459 Mayer Road,Sarandi,Dacey
646,pava,469 North Avenue,Bandfield,Daniela
647,televisor,1 Melvin Pass,Sarandi,Alica
648,pava,45166 Warrior Point,Sarandi,Clevie
649,televisor,85 Lunder Circle,Bandfield,Shelli
650,pava,5 Menomonie Alley,Bandfield,Hamnet
651,secarropas,8 Havey Court,Quilmes,Betti
652,silla,1 Montana Court,Quilmes,Sayre
653,pava,2 Fairfield Pass,Lanus,Lucia
654,televisor,39806 Center Street,Bandfield,Louise
655,sillon,4131 Ronald Regan Circle,Sarandi,Alli
656,pava,89 Manley Trail,Sarandi,Munroe
657,aire acondicionado,87554 Park Meadow Hill,Quilmes,Stephana
658,plancha,5397 Washington Place,Sarandi,Johannes
659,plancha,18815 Village Circle,Sarandi,Camala
660,televisor,772 Monterey Crossing,Avellaneda,Gray
661,pava,306 Red Cloud Lane,Quilmes,Jolyn
662,cocina,4044 Jenifer Crossing,Avellaneda,Latisha
663,aire acondicionado,3 Dunning Way,Avellaneda,Gustavo
664,mesa,97 David Place,Avellaneda,Mariejeanne
665,mesa,33706 Rieder Street,Quilmes,Megan
666,televisor,943 Onsgard Crossing,Quilmes,Kathie
667,pava,8733 Lake View Plaza,Lanus,Mariska
668,secarropas,055 Gulseth Way,Lomas,Morly
669,secarropas,724 Fulton Place,Bandfield,Rozina
670,silla,83835 Steensland Parkway,Bandfield,Chelsey
671,sillon,6753 Barnett Lane,Sarandi,Loleta
672,cocina,524 Hanson Avenue,Quilmes,Cassaundra
673,silla,315 Northland Junction,Lanus,Earlie
674,silla,5 Straubel Parkway,Lanus,Alonso
675,lavarropas,37 Harbort Avenue,Bandfield,Bennett
676,aire acondicionado,407 Burrows Hill,Sarandi,Christiano
677,pava,143 Tennyson Pass,Quilmes,Matti
678,silla,05218 Roth Trail,Quilmes,Ulrica
679,secarropas,124 Lawn Circle,Sarandi,Lyle
680,cocina,47682 Myrtle Crossing,Lanus,Gloriane
681,plancha,73096 Shasta Plaza,Sarandi,Virginie
682,aire acondicionado,5682 Granby Pass,Lomas,Duky
683,mesa,6 Portage Parkway,Avellaneda,Clemmie
684,sillon,88565 3rd Crossing,Lomas,Howard
685,plancha,0498 Hallows Drive,Bandfield,Aggy
686,sillon,97 Paget Junction,Bandfield,Sauveur
687,sillon,3353 Grasskamp Place,Quilmes,Dayle
688,mesa,2475 Straubel Hill,Sarandi,Ursuline
689,secarropas,190 Welch Plaza,Lomas,Gabi
690,pava,0923 Tennyson Parkway,Avellaneda,Sheilah
691,pava,8 Lyons Plaza,Quilmes,Nollie
692,pava,08 Sutteridge Junction,Bandfield,Muire
693,lavarropas,8915 Walton Lane,Lomas,Cody
694,sillon,4 Gerald Plaza,Sarandi,Coreen
695,mesa,0 Harbort Junction,Avellaneda,Herculie
696,pava,8237 Jenifer Parkway,Sarandi,Tracy
697,aire acondicionado,920 Donald Terrace,Bandfield,Jeri
698,pava,74 Elmside Way,Sarandi,Morly
699,secarropas,39 Moland Lane,Avellaneda,Daisey
700,sillon,750 Moland Plaza,Lanus,Nessie
701,plancha,5 Valley Edge Place,Quilmes,Leone
702,plancha,36 Mallory Hill,Bandfield,Thorn
703,lavarropas,2 Amoth Road,Bandfield,Yance
704,mesa,4 Union Park,Lomas,Colas
705,aire acondicionado,458 Lerdahl Court,Sarandi,Cally
706,secarropas,9903 Sachtjen Pass,Bandfield,Miof mela
707,lavarropas,441 Eagle Crest Place,Avellaneda,Amalee
708,secarropas,9 Hagan Parkway,Sarandi,Klarrisa
709,mesa,6783 Homewood Drive,Lomas,Adrienne
710,secarropas,1 Goodland Street,Lanus,Claudian
711,silla,482 Alpine Pass,Avellaneda,Morganne
712,pava,97 Debra Point,Lomas,Fiona
713,secarropas,1 Ridgeview Road,Quilmes,Aldin
714,aire acondicionado,68 Pierstorff Road,Lomas,Marge
715,sillon,11380 Spohn Way,Sarandi,Alphonse
716,plancha,0 Debra Parkway,Bandfield,Marney
717,silla,82691 Beilfuss Plaza,Sarandi,Krysta
718,sillon,650 Jay Road,Lanus,Celisse
719,lavarropas,52 Grasskamp Circle,Sarandi,Siusan
720,televisor,2 Lukken Trail,Bandfield,Kenn
721,mesa,63508 2nd Trail,Quilmes,Larry
722,cocina,58170 Londonderry Avenue,Sarandi,Cammy
723,lavarropas,69397 Kennedy Pass,Quilmes,Jennie
724,secarropas,42719 Forster Avenue,Bandfield,Gasparo
725,secarropas,33 Forest Court,Sarandi,Bibby
726,lavarropas,1915 Hooker Point,Avellaneda,Ruddy
727,televisor,91 Derek Trail,Lomas,Datha
728,secarropas,385 Welch Junction,Bandfield,L;urette
729,aire acondicionado,566 Portage Parkway,Avellaneda,Cleon
730,mesa,9 Westport Lane,Bandfield,Sanderson
731,pava,27450 Reinke Point,Quilmes,Almire
732,televisor,15859 Independence Avenue,Sarandi,Mel
733,cocina,598 Mitchell Alley,Sarandi,Mirabel
734,sillon,53 Evergreen Pass,Sarandi,Sergei
735,pava,7 Waxwing Plaza,Lanus,Erinn
736,plancha,816 7th Pass,Avellaneda,Lonnie
737,silla,36156 Fuller Trail,Sarandi,Boyce
738,pava,6 Morningstar Junction,Lomas,Fritz
739,mesa,399 Ronald Regan Plaza,Avellaneda,Nikita
740,cocina,8975 Hagan Terrace,Lanus,Berton
741,pava,9592 Scofield Pass,Avellaneda,Claribel
742,cocina,41892 Red Cloud Lane,Avellaneda,Marven
743,plancha,416 Crescent Oaks Trail,Lomas,Mathilda
744,plancha,0 Division Trail,Sarandi,Tobi
745,mesa,8 Bayside Plaza,Bandfield,Elisabetta
746,silla,5 Dovetail Alley,Quilmes,Jermaine
747,cocina,14385 Clyde Gallagher Hill,Lanus,Holly
748,pava,119 Glendale Circle,Avellaneda,Whitman
749,mesa,06998 Hazelcrest Point,Lomas,Fran
750,sillon,1 Bonner Alley,Quilmes,Perceval
751,secarropas,82039 Amoth Drive,Quilmes,Orton
752,cocina,366 Talisman Circle,Quilmes,Gerardo
753,pava,8 Loomis Plaza,Lanus,Rori
754,cocina,1713 Summerview Terrace,Lanus,Maurita
755,sillon,4862 Burrows Circle,Lanus,Granthem
756,lavarropas,418 Veith Crossing,Bandfield,Myron
757,lavarropas,1 Arkansas Plaza,Avellaneda,Donnamarie
758,lavarropas,5 Mariners Cove Street,Sarandi,Harv
759,aire acondicionado,39901 New Castle Circle,Sarandi,Idaline
760,mesa,200 Southridge Drive,Quilmes,Ludwig
761,silla,1968 Rusk Drive,Quilmes,Valerye
762,cocina,00862 Waxwing Hill,Bandfield,Tish
763,sillon,14323 Farwell Terrace,Lanus,Talyah
764,televisor,44 Rutledge Trail,Avellaneda,Thorstein
765,pava,92 Pond Center,Lomas,Babbie
766,lavarropas,3501 Upham Terrace,Sarandi,Janine
767,aire acondicionado,59 Transport Way,Quilmes,Barbabra
768,cocina,52289 Gateway Hill,Bandfield,Matelda
769,aire acondicionado,84 Susan Road,Bandfield,Kearney
770,cocina,68 Toban Point,Sarandi,Jourdain
771,aire acondicionado,1 Sheridan Plaza,Lomas,Laverna
772,lavarropas,66 Namekagon Street,Lomas,Bron
773,pava,1897 Badeau Junction,Lanus,Brittani
774,cocina,55 6th Junction,Quilmes,Caro
775,pava,71 Texas Road,Sarandi,Slade
776,silla,54 Northwestern Place,Lomas,Conney
777,secarropas,99647 Summerview Drive,Lanus,Sheilakathryn
778,lavarropas,71 Schurz Circle,Bandfield,Vachel
779,televisor,6 Grover Way,Avellaneda,Nicholas
780,secarropas,9910 Sunbrook Park,Avellaneda,Christi
781,silla,1 Petterle Parkway,Sarandi,Berri
782,lavarropas,8865 Rigney Center,Avellaneda,Wiatt
783,sillon,685 Garrison Junction,Lanus,Andreana
784,lavarropas,9 Lindbergh Plaza,Quilmes,Milicent
785,silla,9062 Independence Plaza,Quilmes,Tatiania
786,pava,8040 Arizona Hill,Quilmes,Annmaria
787,cocina,80 Reinke Hill,Lomas,Audre
788,aire acondicionado,87235 Straubel Parkway,Avellaneda,Irma
789,plancha,2 Troy Lane,Bandfield,Kenyon
790,pava,0266 Carey Pass,Lomas,Jessie
791,aire acondicionado,2412 Sugar Street,Bandfield,Morrie
792,mesa,957 Welch Lane,Sarandi,Gay
793,silla,415 7th Place,Quilmes,Roseanne
794,lavarropas,724 Bayside Point,Quilmes,Marcile
795,cocina,839 Stuart Crossing,Lanus,Cicily
796,lavarropas,5479 Starling Way,Sarandi,Bennett
797,mesa,5225 Moulton Center,Bandfield,Jamaal
798,pava,16897 Carey Pass,Lomas,Idalina
799,cocina,4 Tomscot Place,Quilmes,Freddy
800,pava,93518 Milwaukee Plaza,Lanus,Cosimo
801,aire acondicionado,5048 Thackeray Junction,Quilmes,Cyrus
802,cocina,31489 Springview Parkway,Lanus,Berenice
803,secarropas,92 Tomscot Trail,Avellaneda,Cory
804,plancha,135 Hauk Parkway,Avellaneda,Latrena
805,pava,45 Manley Terrace,Bandfield,Ruperto
806,pava,30 Arkansas Drive,Avellaneda,Abey
807,secarropas,852 Utah Point,Avellaneda,Gil
808,lavarropas,4 Sheridan Alley,Quilmes,Vincent
809,sillon,6 Reindahl Road,Sarandi,Benny
810,mesa,3 Union Parkway,Quilmes,Adrea
811,plancha,3690 Dahle Center,Quilmes,Carol-jean
812,plancha,956 Towne Alley,Avellaneda,Huey
813,aire acondicionado,65 Lake View Parkway,Sarandi,Laurene
814,mesa,14 Havey Terrace,Lanus,Pincus
815,aire acondicionado,578 Mesta Place,Quilmes,Fred
816,cocina,03581 Bluejay Lane,Sarandi,Alexis
817,televisor,7316 Golden Leaf Plaza,Quilmes,Rozalin
818,secarropas,1 Lukken Terrace,Quilmes,Yardley
819,aire acondicionado,9767 Shoshone Court,Avellaneda,Rabbi
820,pava,5533 Clyde Gallagher Street,Sarandi,Berri
821,secarropas,93987 Blaine Lane,Lanus,Dolli
822,silla,88811 Hudson Circle,Avellaneda,Elladine
823,silla,5 Ruskin Junction,Quilmes,Gayler
824,cocina,4 Nova Circle,Avellaneda,Maiga
825,lavarropas,8972 Acker Drive,Sarandi,Nathaniel
826,secarropas,6 Moulton Lane,Lomas,Hieronymus
827,plancha,6182 Russell Drive,Sarandi,Laurel
828,secarropas,18 Anthes Trail,Bandfield,Moe
829,secarropas,472 South Lane,Avellaneda,Clemmie
830,pava,4445 Anderson Center,Lomas,Jorie
831,plancha,2988 Main Terrace,Avellaneda,Amery
832,mesa,74 Myrtle Pass,Lomas,Katy
833,mesa,47604 Charing Cross Court,Quilmes,Valery
834,secarropas,59690 East Drive,Lanus,Theadora
835,secarropas,713 Oak Circle,Lomas,Clara
836,cocina,2179 Packers Center,Lanus,Caitrin
837,pava,437 Clyde Gallagher Junction,Bandfield,Britt
838,lavarropas,99 Morningstar Plaza,Lomas,Hillary
839,mesa,3308 Macpherson Center,Avellaneda,Vally
840,televisor,35489 Nobel Park,Lomas,Doe
841,secarropas,8774 Sherman Circle,Bandfield,Sergio
842,lavarropas,16771 Oneill Court,Lanus,Samaria
843,televisor,12 Red Cloud Street,Sarandi,Eydie
844,cocina,821 Sutherland Street,Lomas,Parrnell
845,sillon,60478 Daystar Parkway,Avellaneda,Colene
846,televisor,4 5th Hill,Sarandi,Thedric
847,aire acondicionado,1095 Bowman Point,Lanus,Davey
848,plancha,9 Manley Crossing,Sarandi,Noella
849,televisor,90783 Fulton Parkway,Lanus,Falkner
850,pava,908 Meadow Ridge Court,Lomas,Lurette
851,mesa,43 Charing Cross Junction,Sarandi,Othelia
852,plancha,48 Harbort Parkway,Lomas,Valera
853,cocina,5521 Derek Park,Lomas,Devy
854,mesa,17 Bartillon Avenue,Lanus,Nollie
855,silla,38135 Lawn Parkway,Sarandi,Gussie
856,secarropas,4 Graedel Road,Bandfield,Dallas
857,cocina,9363 Anhalt Circle,Lanus,Adrian
858,televisor,5350 Mcbride Way,Sarandi,Benni
859,mesa,5195 Farragut Center,Lanus,Alphonso
860,silla,3 Havey Drive,Quilmes,Darcey
861,lavarropas,1929 Talmadge Trail,Bandfield,Letta
862,pava,324 Mosinee Crossing,Lomas,Page
863,pava,2 Bluejay Point,Sarandi,Valene
864,secarropas,4 Armistice Trail,Quilmes,Lind
865,aire acondicionado,48003 Di Loreto Center,Bandfield,Urbano
866,mesa,693 Saint Paul Center,Sarandi,Reggis
867,aire acondicionado,70 Monument Way,Sarandi,Marylou
868,pava,7279 Dawn Street,Bandfield,Hendrika
869,secarropas,3 Riverside Center,Lomas,Thelma
870,mesa,25 Superior Court,Avellaneda,Barrie
871,plancha,70 Stephen Lane,Lanus,Rudolf
872,plancha,22 David Crossing,Bandfield,Cully
873,silla,34 Warner Parkway,Sarandi,Clayborne
874,plancha,644 Village Green Alley,Sarandi,Eddy
875,silla,44640 Forest Run Way,Avellaneda,Elisa
876,secarropas,73 Ryan Avenue,Quilmes,Penny
877,aire acondicionado,959 Trailsway Circle,Sarandi,Brice
878,silla,113 Talmadge Alley,Lanus,Lucias
879,aire acondicionado,79700 Carpenter Way,Sarandi,Corrine
880,secarropas,63545 Grasskamp Alley,Lanus,Kinny
881,plancha,087 Nobel Trail,Quilmes,Wendeline
882,aire acondicionado,3175 8th Point,Bandfield,Jacklyn
883,silla,79 Hudson Plaza,Lomas,Gabbi
884,mesa,951 Stephen Lane,Sarandi,Nance
885,secarropas,5 Portage Terrace,Lanus,Lucio
886,aire acondicionado,8279 Superior Junction,Bandfield,Kelby
887,secarropas,09 Hanover Road,Sarandi,Marji
888,secarropas,2 Fordem Plaza,Quilmes,Leeanne
889,lavarropas,3621 Carey Trail,Lomas,Delilah
890,pava,523 Nelson Park,Bandfield,Cathleen
891,sillon,837 American Ash Circle,Lomas,Maurits
892,televisor,60 Marquette Drive,Sarandi,Ashely
893,silla,71017 Northland Alley,Lanus,Shep
894,sillon,21 Rowland Lane,Bandfield,Wang
895,lavarropas,2828 Park Meadow Alley,Lomas,Harris
896,lavarropas,995 Reindahl Terrace,Quilmes,Querida
897,mesa,164 Pennsylvania Circle,Bandfield,Minette
898,sillon,092 Lawn Avenue,Bandfield,Melonie
899,plancha,9314 Colorado Way,Lanus,Marlie
900,sillon,334 Stang Center,Lanus,Legra
901,sillon,8499 High Crossing Lane,Avellaneda,Ryann
902,lavarropas,1 Cambridge Point,Lanus,Burtie
903,pava,8920 Summerview Trail,Sarandi,Korney
904,silla,72 Vidon Lane,Lanus,Bathsheba
905,silla,8968 Holmberg Parkway,Avellaneda,Jerome
906,mesa,7856 Schiller Avenue,Lomas,Licha
907,silla,6352 Redwing Center,Lanus,Franky
908,pava,3 Crest Line Point,Lanus,Merrill
909,televisor,996 Caliangt Way,Avellaneda,Brenden
910,plancha,906 Ryan Crossing,Lanus,Justin
911,aire acondicionado,13184 Anhalt Trail,Lanus,Maurise
912,cocina,184 Bartelt Point,Avellaneda,Leeland
913,cocina,8 Memorial Alley,Bandfield,Nisse
914,aire acondicionado,3 Barby Point,Lanus,Maritsa
915,mesa,4 Meadow Vale Alley,Lanus,Misti
916,mesa,187 Evergreen Way,Lomas,Marcello
917,plancha,3 Moose Terrace,Sarandi,Giovanni
918,pava,349 Melvin Place,Quilmes,Abby
919,pava,44 Waubesa Plaza,Quilmes,Marys
920,silla,0454 Harbort Pass,Lanus,Harri
921,sillon,5870 Village Place,Bandfield,Lydia
922,pava,609 Vernon Pass,Bandfield,Stu
923,secarropas,8838 Fordem Road,Avellaneda,Morie
924,lavarropas,249 Fair Oaks Crossing,Avellaneda,Corbet
925,secarropas,1895 Kensington Park,Lanus,Di
926,mesa,835 Grayhawk Place,Avellaneda,Devlen
927,plancha,9 Monica Pass,Avellaneda,Anson
928,cocina,55310 Lerdahl Street,Lomas,Kalli
929,lavarropas,5918 Novick Way,Avellaneda,Mada
930,cocina,29399 Morningstar Terrace,Lomas,Ruthe
931,silla,1664 Crescent Oaks Trail,Avellaneda,Garnet
932,cocina,17933 Merrick Trail,Quilmes,Stewart
933,pava,86968 Mayfield Place,Lomas,Daron
934,cocina,72 Grasskamp Road,Quilmes,Kala
935,secarropas,09 Vahlen Alley,Bandfield,Jobi
936,pava,0093 Hooker Lane,Avellaneda,Thatch
937,mesa,83707 Swallow Circle,Sarandi,Irina
938,secarropas,20 John Wall Park,Quilmes,Yank
939,pava,22288 Mendota Trail,Lanus,Allx
940,silla,8 Nobel Terrace,Lanus,Violetta
941,secarropas,941 Sage Pass,Lomas,Wenda
942,mesa,29107 Westerfield Road,Quilmes,Raimondo
943,televisor,9 Heffernan Pass,Avellaneda,Lazaro
944,sillon,6733 Columbus Parkway,Avellaneda,Brana
945,lavarropas,18379 Green Ridge Center,Quilmes,Pammie
946,aire acondicionado,55 Monument Center,Lanus,Niven
947,lavarropas,01440 Burning Wood Terrace,Avellaneda,Hatty
948,silla,08 Anhalt Trail,Quilmes,Amalle
949,cocina,91 Dryden Circle,Lomas,Leeann
950,silla,81 Haas Pass,Avellaneda,Courtney
951,lavarropas,37 Golf View Center,Lomas,Alena
952,mesa,1657 Bunker Hill Alley,Sarandi,Adelina
953,sillon,700 Corben Junction,Quilmes,Daniella
954,sillon,61174 Messerschmidt Park,Bandfield,Alma
955,secarropas,7 Twin Pines Parkway,Avellaneda,Leicester
956,silla,469 Oak Plaza,Lomas,Luella
957,cocina,38 School Place,Lomas,Alfie
958,cocina,5 Eliot Circle,Lanus,Ewan
959,sillon,08 Bluejay Pass,Quilmes,Nowell
960,mesa,18364 Milwaukee Trail,Bandfield,Eydie
961,sillon,487 Lakewood Gardens Place,Lanus,Arlina
962,secarropas,056 Lien Center,Quilmes,Boris
963,pava,7 Mandrake Avenue,Bandfield,Neal
964,lavarropas,04223 Mayer Crossing,Lanus,Sander
965,lavarropas,88 Stang Pass,Bandfield,Noami
966,pava,64 Columbus Circle,Lanus,Zenia
967,aire acondicionado,38 Hayes Center,Bandfield,Solomon
968,cocina,4524 Petterle Avenue,Avellaneda,Kasper
969,silla,33 Summerview Crossing,Sarandi,Reta
970,silla,607 Dunning Place,Bandfield,Alena
971,lavarropas,7068 Mendota Avenue,Sarandi,Kit
972,lavarropas,824 Kipling Hill,Lomas,Kai
973,silla,138 Mcguire Avenue,Lomas,Rhona
974,cocina,603 Mayfield Point,Avellaneda,Marv
975,sillon,779 Mariners Cove Crossing,Quilmes,Luther
976,mesa,87189 Colorado Street,Avellaneda,Nanine
977,aire acondicionado,2 Schmedeman Alley,Lanus,Willi
978,plancha,7398 John Wall Place,Lomas,Reidar
979,mesa,8 Meadow Ridge Hill,Bandfield,Taddeo
980,mesa,897 Upham Terrace,Lomas,Jamill
981,lavarropas,36930 Bashford Place,Sarandi,Alistair
982,pava,30582 Fieldstone Circle,Bandfield,Brana
983,aire acondicionado,5548 Meadow Valley Lane,Quilmes,Selby
984,aire acondicionado,1 Harper Hill,Quilmes,Sax
985,aire acondicionado,16046 David Crossing,Avellaneda,Max
986,lavarropas,1 Mitchell Way,Sarandi,Bree
987,pava,261 Sherman Street,Avellaneda,Madalena
988,sillon,21534 Veith Lane,Quilmes,Alain
989,mesa,8937 Burrows Way,Quilmes,Moss
990,plancha,75 Golf Course Trail,Avellaneda,Bryce
991,plancha,4 Nancy Point,Lomas,Enriqueta
992,pava,925 Bowman Point,Sarandi,Diana
993,aire acondicionado,41727 Oriole Road,Avellaneda,Brett
994,aire acondicionado,1447 Village Green Lane,Lomas,Winne
995,plancha,201 3rd Crossing,Avellaneda,Armstrong
996,secarropas,09 Clemons Court,Lanus,Peri
997,aire acondicionado,1 Crownhardt Junction,Avellaneda,Zandra
998,secarropas,18 Evergreen Pass,Bandfield,Colas
999,televisor,730 2nd Drive,Avellaneda,Shellie
1000,televisor,17 Old Gate Lane,Sarandi,Orton
