4,televisor,76622 Ohio Road,Lomas,Ole
15,cocina,25945 Clove Center,Lomas,Kelvin
18,,3160 Redwing ParkwayLomas,Lomas,Elyssa
26,mesa,37 Gulseth Crossing,Lomas,Jared
28,televisor,8274 Hayes Alley,Lomas,Arlette
33,pava,7 Glendale Alley,Lomas,Ellis
37,sillon,135 Bobwhite Street,Lomas,Kore
42,y,62447 Kipling ParkwaLomas,Lomas,Sinclare
48,,49466 Garrison CourtLomas,Lomas,Averil
59,sillon,185 Stephen Place,Lomas,Solomon
61,pava,524 Clemons Plaza,Lomas,Rayshell
65,televisor,085 Oxford Alley,Lomas,Jesus
68,g,4114 Mallard CrossinLomas,Lomas,Kessiah
72,secarropas,43427 3rd Hill,Lomas,Rosemaria
78,aire acondicionado,65489 Muir Terrace,Lomas,Cleveland
83,silla,13 Oneill Park,Lomas,Ivar
85,er,4748 Washington CentLomas,Lomas,Chalmers
88,,35396 Dunning StreetLomas,Lomas,Chris
93,,90431 Drewry TerraceLomas,Lomas,Cristobal
96,cocina,56 Declaration Road,Lomas,Rochette
98,plancha,14303 Kings Place,Lomas,Lacee
102,pava,33011 Acker Drive,Lomas,Luis
105,televisor,9 Petterle Pass,Lomas,Gizela
107,rail,9940 Village Green TLomas,Lomas,Goldie
117,t,68881 Farragut StreeLomas,Lomas,Gil
120,sillon,01780 Sullivan Park,Lomas,Curran
121,ing,60750 Mandrake CrossLomas,Lomas,Earvin
129,,7663 Butternut TrailLomas,Lomas,Allison
144,ng,4 Buena Vista CrossiLomas,Lomas,Josselyn
149,plancha,0 Waubesa Plaza,Lomas,Ranice
150,sillon,4 Rockefeller Plaza,Lomas,Jillayne
153,aire acondicionado,638 Gulseth Alley,Lomas,Iago
154,,19 Twin Pines StreetLomas,Lomas,Vikki
159,aire acondicionado,9247 Superior Court,Lomas,Laurette
163,,7587 Anthes CrossingLomas,Lomas,Karil
164,lavarropas,35 Hanson Circle,Lomas,Noah
165,mesa,43607 Packers Road,Lomas,Cyndi
169,e,2811 Meadow Vale LanLomas,Lomas,Vick
186,sillon,7 Marcy Center,Lomas,Enrichetta
193,silla,90067 Ramsey Hill,Lomas,Batsheva
195,y,1 Forest Dale ParkwaLomas,Lomas,Paulie
202,pava,73 Oakridge Parkway,Lomas,Dedie
204,pava,674 Kennedy Circle,Lomas,Baird
209,plancha,451 Randy Circle,Lomas,Gardy
217,lavarropas,3 Randy Plaza,Lomas,Hadley
221,aire acondicionado,88 Valley Edge Road,Lomas,Gypsy
224,pava,9651 Golf Trail,Lomas,Adolph
234,aire acondicionado,11428 Mesta Center,Lomas,Ransom
236,,5 Meadow Ridge TrailLomas,Lomas,Cristal
237,aire acondicionado,0759 Warrior Place,Lomas,Nathanael
238,venue,86707 Pennsylvania ALomas,Lomas,Joscelin
241,pava,3 Haas Road,Lomas,Corty
246,,38587 American PointLomas,Lomas,Trev
247,sillon,44404 Raven Hill,Lomas,Rouvin
265,secarropas,720 Rowland Court,Lomas,Ric
266,k,331 Doe Crossing ParLomas,Lomas,Di
275,plancha,6360 Westport Hill,Lomas,Corny
276,e,229 Oak Valley CirclLomas,Lomas,Alla
277,ace,139 International PlLomas,Lomas,Esmaria
282,secarropas,5 Reindahl Place,Lomas,Babb
285,l,3910 Commercial TraiLomas,Lomas,Trefor
287,mesa,6532 Monica Center,Lomas,Gennifer
295,secarropas,771 Fisk Way,Lomas,Elliot
296,plancha,25 Moland Alley,Lomas,Mady
297,,7997 Monterey StreetLomas,Lomas,Carolin
309,plancha,839 Alpine Junction,Lomas,Dorelle
310,,8 Doe Crossing PlazaLomas,Lomas,Waiter
320,sillon,85753 Orin Way,Lomas,Giulietta
322,pava,6 Birchwood Lane,Lomas,Kittie
325,e,655 La Follette PlacLomas,Lomas,Muffin
337,cocina,50 Hagan Place,Lomas,Sancho
351,pava,58 Jenifer Park,Lomas,Adeline
353,lavarropas,1 John Wall Way,Lomas,Brigitte
368,pava,2 Delaware Road,Lomas,Zach
375,pava,353 Pond Crossing,Lomas,Mandy
399,televisor,981 Thackeray Hill,Lomas,Zeke
400,lavarropas,9 Shelley Park,Lomas,Yule
401,aire acondicionado,50 Division Place,Lomas,Noemi
402,aire acondicionado,44 Lillian Hill,Lomas,Arabella
412,aire acondicionado,440 Clemons Circle,Lomas,Ginnifer
417,sing,561 Morningstar CrosLomas,Lomas,Sargent
426,mesa,7 Sutherland Pass,Lomas,Audy
444,lavarropas,2 Maryland Trail,Lomas,Tanner
446,,3772 Clarendon TrailLomas,Lomas,Ralina
452,silla,89 Becker Trail,Lomas,Rosy
459,n,5237 Del Sol JunctioLomas,Lomas,Wolf
461,aire acondicionado,473 Mosinee Drive,Lomas,Yardley
462,sillon,510 Riverside Trail,Lomas,Mervin
491,sillon,3 Gateway Lane,Lomas,Mathe
495,cocina,6954 Merry Place,Lomas,Thebault
496,cocina,47366 Emmet Circle,Lomas,Dennet
497,rossing,0352 High Crossing CLomas,Lomas,Chryste
498,lavarropas,1025 Debra Plaza,Lomas,Rory
499,aire acondicionado,01443 Dayton Trail,Lomas,Man
500,s Way,1171 Lakewood GardenLomas,Lomas,Stephine
505,cocina,45161 Caliangt Lane,Lomas,Elnar
517,aire acondicionado,8 Jenna Trail,Lomas,Lanita
530,pava,88 Anniversary Park,Lomas,Flossie
537,pava,9627 Bluestem Place,Lomas,Amandy
541,sillon,13 Stang Drive,Lomas,Juliann
543,mesa,349 Schiller Alley,Lomas,Derick
547,cocina,7 Petterle Circle,Lomas,Eloisa
562,aire acondicionado,9 Saint Paul Plaza,Lomas,Ravi
567,silla,17 Aberg Park,Lomas,Fannie
583,plancha,72019 Hovde Park,Lomas,Simmonds
584,aire acondicionado,4 Clove Drive,Lomas,Jayme
590,televisor,07 Corry Point,Lomas,Sarina
594,e,35754 Westend TerracLomas,Lomas,Ainslie
600,lavarropas,5287 Barnett Point,Lomas,Umberto
612,cocina,281 Macpherson Lane,Lomas,Dion
622,secarropas,2 Rigney Court,Lomas,Bay
625,secarropas,686 Cody Trail,Lomas,Tasha
626,ng,41830 Corscot CrossiLomas,Lomas,Kerianne
635,lavarropas,15019 Helena Way,Lomas,Starr
636,mesa,318 Mendota Trail,Lomas,Giulio
668,secarropas,055 Gulseth Way,Lomas,Morly
682,aire acondicionado,5682 Granby Pass,Lomas,Duky
684,sillon,88565 3rd Crossing,Lomas,Howard
689,secarropas,190 Welch Plaza,Lomas,Gabi
693,lavarropas,8915 Walton Lane,Lomas,Cody
704,mesa,4 Union Park,Lomas,Colas
709,mesa,6783 Homewood Drive,Lomas,Adrienne
712,pava,97 Debra Point,Lomas,Fiona
714,aire acondicionado,68 Pierstorff Road,Lomas,Marge
727,televisor,91 Derek Trail,Lomas,Datha
738,on,6 Morningstar JunctiLomas,Lomas,Fritz
743,ail,416 Crescent Oaks TrLomas,Lomas,Mathilda
749,nt,06998 Hazelcrest PoiLomas,Lomas,Fran
765,pava,92 Pond Center,Lomas,Babbie
771,aire acondicionado,1 Sheridan Plaza,Lomas,Laverna
772,lavarropas,66 Namekagon Street,Lomas,Bron
776,e,54 Northwestern PlacLomas,Lomas,Conney
787,cocina,80 Reinke Hill,Lomas,Audre
790,pava,0266 Carey Pass,Lomas,Jessie
798,pava,16897 Carey Pass,Lomas,Idalina
826,secarropas,6 Moulton Lane,Lomas,Hieronymus
830,,4445 Anderson CenterLomas,Lomas,Jorie
832,mesa,74 Myrtle Pass,Lomas,Katy
835,secarropas,713 Oak Circle,Lomas,Clara
838,,99 Morningstar PlazaLomas,Lomas,Hillary
840,televisor,35489 Nobel Park,Lomas,Doe
844,t,821 Sutherland StreeLomas,Lomas,Parrnell
850,rt,908 Meadow Ridge CouLomas,Lomas,Lurette
852,plancha,48 Harbort Parkway,Lomas,Valera
853,cocina,5521 Derek Park,Lomas,Devy
862,,324 Mosinee CrossingLomas,Lomas,Page
869,secarropas,3 Riverside Center,Lomas,Thelma
883,silla,79 Hudson Plaza,Lomas,Gabbi
889,lavarropas,3621 Carey Trail,Lomas,Delilah
891,cle,837 American Ash CirLomas,Lomas,Maurits
895,ey,2828 Park Meadow AllLomas,Lomas,Harris
906,,7856 Schiller AvenueLomas,Lomas,Licha
916,mesa,187 Evergreen Way,Lomas,Marcello
928,,55310 Lerdahl StreetLomas,Lomas,Kalli
930,rrace,29399 Morningstar TeLomas,Lomas,Ruthe
933,,86968 Mayfield PlaceLomas,Lomas,Daron
941,secarropas,941 Sage Pass,Lomas,Wenda
949,cocina,91 Dryden Circle,Lomas,Leeann
951,lavarropas,37 Golf View Center,Lomas,Alena
956,silla,469 Oak Plaza,Lomas,Luella
957,cocina,38 School Place,Lomas,Alfie
972,lavarropas,824 Kipling Hill,Lomas,Kai
973,silla,138 Mcguire Avenue,Lomas,Rhona
978,,7398 John Wall PlaceLomas,Lomas,Reidar
980,mesa,897 Upham Terrace,Lomas,Jamill
991,plancha,4 Nancy Point,Lomas,Enriqueta
994,ane,1447 Village Green LLomas,Lomas,Winne
6,mesa,24120 Artisan Lane,Quilmes,Lauritz
17,televisor,652 Sugar Street,Quilmes,Ferdie
19,way,36 Meadow Ridge ParkQuilmes,Quilmes,Gus
22,televisor,4 Golf Course Alley,Quilmes,Merilyn
31,mesa,178 Lien Place,Quilmes,Dwain
32,mesa,95 Tennessee Point,Quilmes,Pauli
43,,8180 Scoville StreetQuilmes,Quilmes,Laird
46,lavarropas,29 Crownhardt Trail,Quilmes,Ferdinande
49,secarropas,5514 Dayton Way,Quilmes,Catherina
50,plancha,3421 Judy Lane,Quilmes,Rubetta
52,et,02037 Heffernan StreQuilmes,Quilmes,Corney
55,sillon,21 Eastlawn Street,Quilmes,Leta
60,cocina,1953 Pankratz Road,Quilmes,Minny
62,pava,94 Moulton Way,Quilmes,Boycey
64,lavarropas,10903 Packers Plaza,Quilmes,Linnell
66,cocina,1 Quincy Junction,Quilmes,Drona
69,mesa,511 Loomis Center,Quilmes,Odo
75,Avenue,538 Clyde Gallagher Quilmes,Quilmes,Taryn
79,sillon,0 Hanover Park,Quilmes,Clementine
97,lavarropas,2 Shelley Avenue,Quilmes,Tomaso
103,silla,67709 Dwight Plaza,Quilmes,Nigel
106,televisor,253 Sundown Court,Quilmes,Flora
112,televisor,5990 Old Gate Trail,Quilmes,Yancey
126,t,01515 Riverside PoinQuilmes,Quilmes,Skippie
135,plancha,641 Reindahl Plaza,Quilmes,Marcel
141,,2 Summer Ridge PlaceQuilmes,Quilmes,Ingeborg
146,mesa,0375 Sullivan Park,Quilmes,Merci
147,sillon,1293 Rusk Alley,Quilmes,Ilaire
152,mesa,60565 Corry Point,Quilmes,Karla
156,mesa,4925 Esch Place,Quilmes,Pet
161,,9289 Ridgeview DriveQuilmes,Quilmes,Danya
166,plancha,29 Clarendon Plaza,Quilmes,Merwin
167,secarropas,95 Hanover Court,Quilmes,Bond
170,aire acondicionado,58 Ryan Lane,Quilmes,Olivier
171,cocina,3 Express Terrace,Quilmes,Stanwood
172,sillon,16 Service Junction,Quilmes,Ara
176,sillon,14371 Mallory Road,Quilmes,Berta
178,secarropas,60 Hoepker Terrace,Quilmes,Elliott
182,cocina,6280 Veith Trail,Quilmes,Birch
189,plancha,12 Northview Drive,Quilmes,Sibley
196,aire acondicionado,8027 Anzinger Hill,Quilmes,Ailene
207,aire acondicionado,3650 Lakewood Lane,Quilmes,Daisey
208,mesa,23265 Sunbrook Road,Quilmes,Linnet
216,televisor,89 Mallard Hill,Quilmes,Gabrielle
223,secarropas,1 Warner Place,Quilmes,Ame
229,secarropas,078 Corscot Circle,Quilmes,Claus
231,pava,4 5th Circle,Quilmes,Meara
235,secarropas,662 Luster Point,Quilmes,Maury
249,sing,39912 Birchwood CrosQuilmes,Quilmes,Flynn
250,aire acondicionado,7 Dennis Court,Quilmes,Elsa
256,sillon,395 Darwin Pass,Quilmes,Nicol
262,,502 Forest Dale HillQuilmes,Quilmes,Nari
264,pava,8845 Almo Avenue,Quilmes,Rudyard
290,rt,09942 Washington CouQuilmes,Quilmes,Yardley
298,sillon,9 Boyd Court,Quilmes,Zelma
300,lavarropas,4 Randy Court,Quilmes,Gwenora
312,ing,08808 Farragut CrossQuilmes,Quilmes,Cherey
315,silla,7 Mesta Way,Quilmes,Gilberte
324,silla,3 Buhler Court,Quilmes,Olivette
339,,9093 Scofield AvenueQuilmes,Quilmes,Spencer
361,pava,59653 Fisk Court,Quilmes,Berry
380,secarropas,722 Maple Plaza,Quilmes,Lorry
381,e,0540 Valley Edge LanQuilmes,Quilmes,Griffin
384,ace,66912 Golf View TerrQuilmes,Quilmes,Brynna
388,lavarropas,22 Porter Plaza,Quilmes,Rayshell
394,sillon,40 Tomscot Crossing,Quilmes,Angelle
410,,76 Doe Crossing HillQuilmes,Quilmes,Arden
425,secarropas,4 Main Crossing,Quilmes,D'arcy
433,pava,3 Arrowood Circle,Quilmes,Aline
436,silla,5780 Fulton Court,Quilmes,Rafferty
448,plancha,42 Dunning Parkway,Quilmes,Fenelia
456,secarropas,02189 Thierer Way,Quilmes,Zack
460,televisor,829 Jana Road,Quilmes,Marlo
463,cocina,596 Fuller Trail,Quilmes,Caddric
468,ion,24196 Coolidge JunctQuilmes,Quilmes,Pansie
480,cocina,44 6th Place,Quilmes,Ethelind
489,,66299 Glendale TrailQuilmes,Quilmes,Pamella
501,silla,4917 Cody Way,Quilmes,Arther
502,silla,22717 Rigney Way,Quilmes,Ophelia
504,ce,53 Autumn Leaf TerraQuilmes,Quilmes,Faydra
507,pava,35 Gale Place,Quilmes,Beltran
508,silla,03 Holmberg Point,Quilmes,Micky
524,silla,2042 Helena Pass,Quilmes,Holden
534,televisor,449 Fremont Court,Quilmes,Fayth
540,lavarropas,371 Kenwood Circle,Quilmes,Ysabel
544,cocina,8 Alpine Park,Quilmes,Alleen
545,cocina,387 Warrior Terrace,Quilmes,Sophia
546,kway,55174 Twin Pines ParQuilmes,Quilmes,Tedman
557,cocina,05 Fair Oaks Pass,Quilmes,Adel
558,lavarropas,5602 Fisk Parkway,Quilmes,Hilly
560,lavarropas,69 Jana Road,Quilmes,Lyssa
564,cocina,628 Nevada Way,Quilmes,Troy
565,televisor,624 Katie Lane,Quilmes,Stormie
572,televisor,6672 Veith Point,Quilmes,Joice
576,pava,6 Dexter Circle,Quilmes,Trenna
578,sillon,8 Bluejay Drive,Quilmes,Chicky
581,ey,97739 Lotheville AllQuilmes,Quilmes,Lindsy
597,pava,1 Reindahl Alley,Quilmes,Irena
604,Drive,55269 Meadow Valley Quilmes,Quilmes,Pollyanna
605,nue,41031 Twin Pines AveQuilmes,Quilmes,Gun
620,silla,7 Kim Way,Quilmes,Englebert
642,plancha,78 Orin Drive,Quilmes,Betsey
651,secarropas,8 Havey Court,Quilmes,Betti
652,silla,1 Montana Court,Quilmes,Sayre
657,ll,87554 Park Meadow HiQuilmes,Quilmes,Stephana
661,pava,306 Red Cloud Lane,Quilmes,Jolyn
665,mesa,33706 Rieder Street,Quilmes,Megan
666,,943 Onsgard CrossingQuilmes,Quilmes,Kathie
672,cocina,524 Hanson Avenue,Quilmes,Cassaundra
677,pava,143 Tennyson Pass,Quilmes,Matti
678,silla,05218 Roth Trail,Quilmes,Ulrica
687,,3353 Grasskamp PlaceQuilmes,Quilmes,Dayle
691,pava,8 Lyons Plaza,Quilmes,Nollie
701,plancha,5 Valley Edge Place,Quilmes,Leone
713,secarropas,1 Ridgeview Road,Quilmes,Aldin
721,mesa,63508 2nd Trail,Quilmes,Larry
723,lavarropas,69397 Kennedy Pass,Quilmes,Jennie
731,pava,27450 Reinke Point,Quilmes,Almire
746,silla,5 Dovetail Alley,Quilmes,Jermaine
750,sillon,1 Bonner Alley,Quilmes,Perceval
751,secarropas,82039 Amoth Drive,Quilmes,Orton
752,cocina,366 Talisman Circle,Quilmes,Gerardo
760,,200 Southridge DriveQuilmes,Quilmes,Ludwig
761,silla,1968 Rusk Drive,Quilmes,Valerye
767,aire acondicionado,59 Transport Way,Quilmes,Barbabra
774,cocina,55 6th Junction,Quilmes,Caro
784,lavarropas,9 Lindbergh Plaza,Quilmes,Milicent
785,aza,9062 Independence PlQuilmes,Quilmes,Tatiania
786,pava,8040 Arizona Hill,Quilmes,Annmaria
793,silla,415 7th Place,Quilmes,Roseanne
794,lavarropas,724 Bayside Point,Quilmes,Marcile
799,cocina,4 Tomscot Place,Quilmes,Freddy
801,ion,5048 Thackeray JunctQuilmes,Quilmes,Cyrus
808,lavarropas,4 Sheridan Alley,Quilmes,Vincent
810,mesa,3 Union Parkway,Quilmes,Adrea
811,plancha,3690 Dahle Center,Quilmes,Carol-jean
815,aire acondicionado,578 Mesta Place,Quilmes,Fred
817,za,7316 Golden Leaf PlaQuilmes,Quilmes,Rozalin
818,secarropas,1 Lukken Terrace,Quilmes,Yardley
823,silla,5 Ruskin Junction,Quilmes,Gayler
833,Court,47604 Charing Cross Quilmes,Quilmes,Valery
860,silla,3 Havey Drive,Quilmes,Darcey
864,secarropas,4 Armistice Trail,Quilmes,Lind
876,secarropas,73 Ryan Avenue,Quilmes,Penny
881,plancha,087 Nobel Trail,Quilmes,Wendeline
888,secarropas,2 Fordem Plaza,Quilmes,Leeanne
896,,995 Reindahl TerraceQuilmes,Quilmes,Querida
918,pava,349 Melvin Place,Quilmes,Abby
919,pava,44 Waubesa Plaza,Quilmes,Marys
932,cocina,17933 Merrick Trail,Quilmes,Stewart
934,cocina,72 Grasskamp Road,Quilmes,Kala
938,secarropas,20 John Wall Park,Quilmes,Yank
942,ad,29107 Westerfield RoQuilmes,Quilmes,Raimondo
945,nter,18379 Green Ridge CeQuilmes,Quilmes,Pammie
948,silla,08 Anhalt Trail,Quilmes,Amalle
953,sillon,700 Corben Junction,Quilmes,Daniella
959,sillon,08 Bluejay Pass,Quilmes,Nowell
962,secarropas,056 Lien Center,Quilmes,Boris
975,ossing,779 Mariners Cove CrQuilmes,Quilmes,Luther
983,ane,5548 Meadow Valley LQuilmes,Quilmes,Selby
984,aire acondicionado,1 Harper Hill,Quilmes,Sax
988,sillon,21534 Veith Lane,Quilmes,Alain
989,mesa,8937 Burrows Way,Quilmes,Moss
23,televisor,7 Jay Park,Lanus,Lolita
25,,0 Rockefeller CircleLanus,Lanus,Elmore
30,silla,4 Golf Course Park,Lanus,Lovell
36,,10866 Division TrailLanus,Lanus,Teddie
40,plancha,6 Hoepker Street,Lanus,Emlynne
47,ce,22659 Northridge PlaLanus,Lanus,Jeth
54,e,65 Continental AvenuLanus,Lanus,Harlan
76,plancha,01380 Summit Avenue,Lanus,Obediah
82,televisor,55 Shelley Point,Lanus,Samuel
90,ction,6261 La Follette JunLanus,Lanus,Thor
92,sillon,7 Rusk Park,Lanus,Frasco
94,lavarropas,468 Merrick Alley,Lanus,Zack
104,,2 Green Ridge StreetLanus,Lanus,Karol
119,cocina,542 Warrior Alley,Lanus,Brianna
132,pava,95 Dahle Road,Lanus,Jorey
134,aire acondicionado,612 Moland Court,Lanus,Janean
136,lavarropas,2 Mandrake Terrace,Lanus,Donnamarie
145,silla,42697 Hauk Way,Lanus,Durand
155,lavarropas,30417 Barby Hill,Lanus,Raye
177,cocina,64 Debra Crossing,Lanus,Star
187,silla,7 Red Cloud Street,Lanus,Hedy
188,aire acondicionado,8 Lindbergh Parkway,Lanus,Erhart
191,cocina,5136 Cottonwood Way,Lanus,Jase
192,le,7800 Cottonwood CircLanus,Lanus,Tyrus
210,aire acondicionado,2 Kipling Crossing,Lanus,Ky
211,rk,936 Charing Cross PaLanus,Lanus,Scot
212,televisor,5514 Hanson Court,Lanus,Ruperta
219,plancha,6422 Cody Court,Lanus,Opaline
232,lavarropas,02 Maywood Lane,Lanus,Sly
243,mesa,8689 Grim Circle,Lanus,Willa
244,televisor,25 Melrose Street,Lanus,Eamon
267,aire acondicionado,953 School Place,Lanus,Shanda
281,aire acondicionado,9 Redwing Park,Lanus,Lisle
283,silla,60 Transport Point,Lanus,Wandis
289,sillon,3 Lindbergh Plaza,Lanus,Tremayne
301,aire acondicionado,04 Myrtle Point,Lanus,Seana
305,cocina,5491 Grover Way,Lanus,Ilyssa
318,televisor,8 Arizona Road,Lanus,Jourdain
326,televisor,5 Moulton Way,Lanus,Frieda
327,oad,3007 International RLanus,Lanus,Mireielle
328,lavarropas,4 Ridge Oak Place,Lanus,Mae
331,silla,9 Fairview Lane,Lanus,Gaylord
332,,3865 Knutson TerraceLanus,Lanus,Issy
340,mesa,49903 Redwing Drive,Lanus,Gussi
348,plancha,6 Gulseth Parkway,Lanus,Elsey
354,secarropas,12198 Lawn Plaza,Lanus,Holden
356,televisor,32285 Carey Avenue,Lanus,Steffen
365,secarropas,99 Ilene Pass,Lanus,Brook
366,nter,77425 Prairieview CeLanus,Lanus,Milissent
377,nter,5 Clyde Gallagher CeLanus,Lanus,Carol-jean
382,televisor,33502 Susan Plaza,Lanus,Jo ann
386,errace,72603 Stone Corner TLanus,Lanus,Linda
387,lavarropas,1291 Corben Trail,Lanus,Kit
390,pava,25894 Garrison Hill,Lanus,Hunt
403,et,7629 Washington StreLanus,Lanus,Willi
414,,11466 Merchant DriveLanus,Lanus,Brit
415,Place,57990 Charing Cross Lanus,Lanus,Morly
427,silla,547 Jay Circle,Lanus,Hew
429,ay,5962 Crescent Oaks WLanus,Lanus,Garek
430,lavarropas,9 Novick Road,Lanus,Stepha
431,,537 Loeprich TerraceLanus,Lanus,Dena
445,rail,25938 Ronald Regan TLanus,Lanus,Pyotr
450,ll,4643 Norway Maple HiLanus,Lanus,Marty
454,le,9110 Crest Line CircLanus,Lanus,Bernardo
457,aire acondicionado,74 Swallow Street,Lanus,Marylin
466,mesa,8184 Kim Trail,Lanus,Gusty
471,,67388 Cherokee CourtLanus,Lanus,Harley
478,televisor,733 Melvin Court,Lanus,Royal
486,silla,8 Northland Pass,Lanus,Boone
487,silla,87456 Veith Alley,Lanus,Ashley
516,secarropas,3 Hallows Trail,Lanus,Nickolas
519,aire acondicionado,617 Donald Hill,Lanus,Alika
525,cocina,914 David Avenue,Lanus,Waiter
527,rt,192 American Ash CouLanus,Lanus,Knox
531,mesa,6944 Eliot Terrace,Lanus,Jacquelin
548,secarropas,9 Walton Avenue,Lanus,Sharona
549,mesa,57009 Miller Pass,Lanus,Vernor
555,pava,9100 Boyd Parkway,Lanus,Ximenez
559,plancha,699 Pearson Pass,Lanus,Dierdre
570,plancha,59 Ryan Center,Lanus,Fidelity
571,,633 Monterey ParkwayLanus,Lanus,Dolores
585,lavarropas,7063 Transport Lane,Lanus,Der
587,Place,197 Clyde Gallagher Lanus,Lanus,Meg
589,cocina,61 Thierer Road,Lanus,Ami
601,sillon,57804 Monument Lane,Lanus,Maxi
606,plancha,16 Namekagon Park,Lanus,Irv
614,aire acondicionado,5 Sundown Circle,Lanus,Marrilee
619,e,57 Charing Cross LanLanus,Lanus,Anestassia
624,pava,022 Hanover Way,Lanus,Frasier
628,pava,4 Hollow Ridge Park,Lanus,Anabal
632,silla,53 Moland Alley,Lanus,Roderich
634,silla,1 Shoshone Lane,Lanus,Corinne
639,pava,8750 Fordem Hill,Lanus,Rufe
641,secarropas,02 Grasskamp Point,Lanus,Sophronia
643,sillon,916 Eggendart Pass,Lanus,Leola
644,mesa,6 Bonner Center,Lanus,Germana
653,pava,2 Fairfield Pass,Lanus,Lucia
667,,8733 Lake View PlazaLanus,Lanus,Mariska
673,on,315 Northland JunctiLanus,Lanus,Earlie
674,silla,5 Straubel Parkway,Lanus,Alonso
680,g,47682 Myrtle CrossinLanus,Lanus,Gloriane
700,sillon,750 Moland Plaza,Lanus,Nessie
710,secarropas,1 Goodland Street,Lanus,Claudian
718,sillon,650 Jay Road,Lanus,Celisse
735,pava,7 Waxwing Plaza,Lanus,Erinn
740,cocina,8975 Hagan Terrace,Lanus,Berton
747,r Hill,14385 Clyde GallagheLanus,Lanus,Holly
753,pava,8 Loomis Plaza,Lanus,Rori
754,ace,1713 Summerview TerrLanus,Lanus,Maurita
755,sillon,4862 Burrows Circle,Lanus,Granthem
763,e,14323 Farwell TerracLanus,Lanus,Talyah
773,,1897 Badeau JunctionLanus,Lanus,Brittani
777,ve,99647 Summerview DriLanus,Lanus,Sheilakathryn
783,n,685 Garrison JunctioLanus,Lanus,Andreana
795,cocina,839 Stuart Crossing,Lanus,Cicily
800,a,93518 Milwaukee PlazLanus,Lanus,Cosimo
802,kway,31489 Springview ParLanus,Lanus,Berenice
814,mesa,14 Havey Terrace,Lanus,Pincus
821,secarropas,93987 Blaine Lane,Lanus,Dolli
834,secarropas,59690 East Drive,Lanus,Theadora
836,cocina,2179 Packers Center,Lanus,Caitrin
842,lavarropas,16771 Oneill Court,Lanus,Samaria
847,aire acondicionado,1095 Bowman Point,Lanus,Davey
849,,90783 Fulton ParkwayLanus,Lanus,Falkner
854,mesa,17 Bartillon Avenue,Lanus,Nollie
857,cocina,9363 Anhalt Circle,Lanus,Adrian
859,,5195 Farragut CenterLanus,Lanus,Alphonso
871,plancha,70 Stephen Lane,Lanus,Rudolf
878,silla,113 Talmadge Alley,Lanus,Lucias
880,y,63545 Grasskamp AlleLanus,Lanus,Kinny
885,secarropas,5 Portage Terrace,Lanus,Lucio
893,y,71017 Northland AlleLanus,Lanus,Shep
899,plancha,9314 Colorado Way,Lanus,Marlie
900,sillon,334 Stang Center,Lanus,Legra
902,lavarropas,1 Cambridge Point,Lanus,Burtie
904,silla,72 Vidon Lane,Lanus,Bathsheba
907,silla,6352 Redwing Center,Lanus,Franky
908,pava,3 Crest Line Point,Lanus,Merrill
910,plancha,906 Ryan Crossing,Lanus,Justin
911,aire acondicionado,13184 Anhalt Trail,Lanus,Maurise
914,aire acondicionado,3 Barby Point,Lanus,Maritsa
915,mesa,4 Meadow Vale Alley,Lanus,Misti
920,silla,0454 Harbort Pass,Lanus,Harri
925,,1895 Kensington ParkLanus,Lanus,Di
939,pava,22288 Mendota Trail,Lanus,Allx
940,silla,8 Nobel Terrace,Lanus,Violetta
946,aire acondicionado,55 Monument Center,Lanus,Niven
958,cocina,5 Eliot Circle,Lanus,Ewan
961, Place,487 Lakewood GardensLanus,Lanus,Arlina
964,,04223 Mayer CrossingLanus,Lanus,Sander
966,pava,64 Columbus Circle,Lanus,Zenia
977,aire acondicionado,2 Schmedeman Alley,Lanus,Willi
996,secarropas,09 Clemons Court,Lanus,Peri
